,break_id,btime,index,phraseTone,boundaryTone,phonword_id,start,end,phonword,binary_break
0,sw3798A.break.2,0.314625,3-,None,None,ms1A_pw1,0.13175,0.314625,well,True
1,sw3798A.break.3,0.55,4,None,None,ms1A_pw2,0.314625,0.55,Michael,True
2,sw3798A.break.4,0.68,0,None,None,ms1A_pw3,0.55,0.68,what,False
3,sw3798A.break.5,0.74,0,None,None,ms1A_pw4,0.68,0.74,do,False
4,sw3798A.break.6,0.85,1,None,None,ms1A_pw5,0.74,0.85,you,False
5,sw3798A.break.7,1.11,1,None,None,ms1A_pw6,0.85,1.11,think,False
6,sw3798A.break.8,1.49425,2p,None,None,ms1A_pw7,1.11,1.49425,about,False
7,sw3798A.break.9,1.91,X,None,None,ms1A_pw8,1.49425,1.91,um,False
8,sw3798A.break.10,2.54,1,None,None,ms1A_pw9,2.18,2.54,funding,False
9,sw3798A.break.11,2.65,1,None,None,ms1A_pw10,2.54,2.65,for,False
10,sw3798A.break.12,2.96,1,None,None,ms1A_pw11,2.65,2.96,AIDS,False
11,sw3798A.break.13,3.49,4,L,L,ms1A_pw12,2.96,3.49,research,True
12,sw3798A.break.14,3.63,1-,None,None,ms1A_pw13,3.49,3.63,do,False
13,sw3798A.break.15,3.86525,2p,None,None,ms1A_pw14,3.63,3.86525,you,False
14,sw3798B.break.3,4.435875,4,None,None,ms2B_pw1,4.013999999999999,4.435875,well,True
15,sw3798A.break.16,5.03275,X,None,None,ms2A_pw15,4.6695,5.03275,oops,False
16,sw3798B.break.4,5.042875,X,None,None,ms2B_pw2,4.658125,5.042875,um,False
17,sw3798B.break.5,5.573125,X,None,X,ms2B_pw3,5.412000000000001,5.573125,uh,False
18,sw3798B.break.6,5.813125,1,None,None,ms2B_pw4,5.573125,5.813125,that's,False
19,sw3798B.break.7,6.093125,4-,L,L,ms2B_pw5,5.813125,6.093125,something,True
20,sw3798B.break.8,6.183125,1,None,None,ms2B_pw6,6.093125,6.183125,i've,False
21,sw3798B.break.9,6.423125,1,None,None,ms2B_pw7,6.183125,6.423125,never,False
22,sw3798B.break.10,6.663125,1,None,None,ms2B_pw8,6.423125,6.663125,thought,False
23,sw3798B.break.11,6.713125,1,None,None,ms2B_pw9,6.663125,6.713125,a,False
24,sw3798B.break.12,6.923125,1,None,None,ms2B_pw10,6.713125,6.923125,lot,False
25,sw3798B.break.13,7.273125,4,None,None,ms2B_pw11,6.923125,7.273125,about,True
26,sw3798A.break.17,7.987,X,None,None,ms4A_pw16,7.56575,7.987,um-hum,False
27,sw3798B.break.14,8.053125,X,None,X,ms2B_pw12,7.793125,8.053125,um,False
28,sw3798B.break.15,8.193125,1p,None,None,ms2B_pw13,8.053125,8.193125,i've,False
29,sw3798B.break.16,8.420875,1,None,None,ms2B_pw14,8.333125,8.420875,i,False
30,sw3798B.break.17,8.647375,1,None,None,ms2B_pw15,8.420875,8.647375,work,False
31,sw3798B.break.18,8.713125,1,None,None,ms2B_pw16,8.647375,8.713125,in,False
32,sw3798B.break.19,8.783125,1,None,None,ms2B_pw17,8.713125,8.783125,a,False
33,sw3798B.break.20,9.4775,4,None,None,ms2B_pw18,8.783125,9.4775,hospital,True
34,sw3798A.break.18,10.035,X,None,X,ms6A_pw17,9.657875,10.035,uh-huh,False
35,sw3798B.break.21,10.0775,1,None,None,ms2B_pw19,9.974625,10.0775,and,False
36,sw3798B.break.22,10.173125,1,None,None,ms2B_pw20,10.0775,10.173125,i've,False
37,sw3798B.break.23,10.393125,1,None,None,ms2B_pw21,10.173125,10.393125,worked,False
38,sw3798B.break.24,10.453125,1,None,None,ms2B_pw22,10.393125,10.453125,in,False
39,sw3798B.break.25,10.533125,1,None,None,ms2B_pw23,10.453125,10.533125,the,False
40,sw3798B.break.26,10.843125,1,None,None,ms2B_pw24,10.533125,10.843125,hospital,False
41,sw3798B.break.27,10.913125,0,None,None,ms2B_pw25,10.843125,10.913125,for,False
42,sw3798B.break.28,11.083125,1,None,None,ms2B_pw26,10.913125,11.083125,about,False
43,sw3798B.break.29,11.523125,1,None,None,ms2B_pw27,11.083125,11.523125,fifteen,False
44,sw3798B.break.30,11.713125,4,L,L,ms2B_pw28,11.523125,11.713125,years,True
45,sw3798B.break.31,11.803125,0,None,None,ms2B_pw29,11.713125,11.803125,and,False
46,sw3798B.break.32,11.903125,1,None,None,ms2B_pw30,11.803125,11.903125,i've,False
47,sw3798B.break.33,12.183125,1,None,None,ms2B_pw31,11.903125,12.183125,taken,False
48,sw3798B.break.34,12.433125,1,None,None,ms2B_pw33,12.353125,12.433125,of,False
49,sw3798B.break.35,12.503125,1,None,None,ms2B_pw34,12.433125,12.503125,a,False
50,sw3798B.break.36,12.733125,1,None,None,ms2B_pw35,12.503125,12.733125,few,False
51,sw3798B.break.37,12.733125,1,None,None,ms2B_pw35,12.503125,12.733125,few,False
52,sw3798B.break.38,13.033125,2,None,None,ms2B_pw36,12.733125,13.033125,AIDS,False
53,sw3798B.break.39,13.612125,4,None,None,ms2B_pw37,13.033125,13.612125,patients,True
54,sw3798A.break.20,14.048125,X,None,None,ms8A_pw18,13.66175,14.048125,uh-huh,False
55,sw3798B.break.40,14.613875,X,None,None,ms3B_pw38,14.2185,14.613875,um,False
56,sw3798B.break.41,15.2515,1,None,None,ms3B_pw39,15.118625,15.2515,when,False
57,sw3798B.break.42,15.3615,1,None,None,ms3B_pw40,15.2515,15.3615,they,False
58,sw3798B.break.43,15.7815,1,None,None,ms3B_pw41,15.3615,15.7815,asked,False
59,sw3798B.break.44,15.9915,4,H,L,ms3B_pw42,15.7815,15.9915,us,True
60,sw3798B.break.45,16.4315,1p,None,None,ms3B_pw44,16.2915,16.4315,did,False
61,sw3798B.break.46,16.4315,1,None,None,ms3B_pw44,16.2915,16.4315,did,False
62,sw3798B.break.47,16.5215,1,None,None,ms3B_pw45,16.4315,16.5215,we,False
63,sw3798B.break.48,16.8015,1,None,None,ms3B_pw46,16.5215,16.8015,want,False
64,sw3798B.break.49,17.1215,2p,None,None,ms3B_pw47,16.8015,17.1215,to,False
65,sw3798B.break.50,17.456625,X,None,None,ms3B_pw48,17.1215,17.456625,um,False
66,sw3798B.break.52,18.799625,1,None,None,ms4B_pw49,18.602625,18.799625,keep,False
67,sw3798B.break.53,18.889625,1,None,None,ms4B_pw50,18.799625,18.889625,it,False
68,sw3798B.break.54,18.969625,1,None,None,ms4B_pw51,18.889625,18.969625,the,False
69,sw3798B.break.55,19.469625,4,H,L,ms4B_pw52,18.969625,19.469625,same,True
70,sw3798B.break.56,19.769625,2p,None,None,ms4B_pw53,19.469625,19.769625,or,False
71,sw3798B.break.57,19.909625,X,None,X,ms4B_pw54,19.769625,19.909625,uh,False
72,sw3798B.break.58,20.209625,1,None,None,ms4B_pw55,19.909625,20.209625,spend,False
73,sw3798B.break.59,20.449625,4-,H,L,ms4B_pw56,20.209625,20.449625,more,True
74,sw3798B.break.60,20.529625,0,None,None,ms4B_pw57,20.449625,20.529625,or,False
75,sw3798B.break.61,20.769625,1,None,None,ms4B_pw58,20.529625,20.769625,spend,False
76,sw3798B.break.62,20.979625,4,H,L,ms4B_pw59,20.769625,20.979625,less,True
77,sw3798B.break.63,21.134625,1,None,None,ms4B_pw60,20.979625,21.134625,i,False
78,sw3798B.break.64,21.449625,2p,None,None,ms4B_pw61,21.134625,21.449625,think,False
79,sw3798A.break.22,21.59475,4,L,H,ms12A_pw19,21.272625,21.59475,yeah,True
80,sw3798B.break.65,21.729125,X,None,None,ms4B_pw62,21.449625,21.729125,uh,False
81,sw3798B.break.66,22.291875,1,None,None,ms5B_pw63,22.1615,22.291875,i,False
82,sw3798B.break.67,22.4815,1,None,None,ms5B_pw64,22.291875,22.4815,think,False
83,sw3798B.break.68,22.7215,1,None,None,ms5B_pw65,22.4815,22.7215,right,False
84,sw3798B.break.69,23.236625,1p,None,None,ms5B_pw66,22.7215,23.236625,now,False
85,sw3798B.break.70,23.236625,4,None,None,ms5B_pw66,22.7215,23.236625,now,True
86,sw3798B.break.71,23.7715,1,None,None,ms5B_pw68,23.5915,23.7715,what,False
87,sw3798B.break.72,23.8815,1,None,None,ms5B_pw69,23.7715,23.8815,they're,False
88,sw3798B.break.73,24.3615,4-,L,L,ms5B_pw70,23.8815,24.3615,spending,True
89,sw3798B.break.74,24.4815,1,None,None,ms5B_pw71,24.3615,24.4815,is,False
90,sw3798B.break.75,25.060625,4,None,None,ms5B_pw72,24.4815,25.060625,adequate,True
91,sw3798A.break.24,25.59675,X,None,None,ms14A_pw20,25.141375,25.59675,um-hum,False
92,sw3798B.break.76,25.6915,X,None,X,ms5B_pw73,25.488125,25.6915,uh,False
93,sw3798B.break.77,25.8865,1p,None,None,ms5B_pw74,25.6915,25.8865,my,False
94,sw3798B.break.78,26.3515,1,None,None,ms5B_pw75,26.169,26.3515,for,False
95,sw3798B.break.79,26.4615,1,None,None,ms5B_pw76,26.3515,26.4615,my,False
96,sw3798B.break.80,26.9115,1,None,None,ms5B_pw77,26.4615,26.9115,personal,False
97,sw3798B.break.81,27.342125,4,None,None,ms5B_pw78,26.9115,27.342125,opinion,True
98,sw3798A.break.25,28.04975,X,None,X,ms16A_pw21,27.614625,28.04975,uh-huh,False
99,sw3798B.break.82,28.373,X,None,None,ms6B_pw79,27.950375,28.373,um,False
100,sw3798B.break.83,28.940625,0,None,None,ms6B_pw80,28.836125,28.940625,because_1,False
101,sw3798B.break.84,28.980625,1,None,None,ms6B_pw81,28.940625,28.980625,i,False
102,sw3798B.break.85,29.200625,1,None,None,ms6B_pw82,28.980625,29.200625,think,False
103,sw3798B.break.86,29.330625,1,None,None,ms6B_pw83,29.200625,29.330625,it's,False
104,sw3798B.break.87,29.640625,1,None,None,ms6B_pw84,29.330625,29.640625,something,False
105,sw3798B.break.88,29.990625,4,L,L,ms6B_pw85,29.640625,29.990625,that's,True
106,sw3798B.break.89,30.140625,1,None,None,ms6B_pw86,29.990625,30.140625,gonna,False
107,sw3798B.break.90,30.370625,0,None,None,ms6B_pw87,30.140625,30.370625,take,False
108,sw3798B.break.91,30.470625,1,None,None,ms6B_pw88,30.370625,30.470625,them_1,False
109,sw3798B.break.92,30.550625,1,None,None,ms6B_pw89,30.470625,30.550625,a,False
110,sw3798B.break.93,31.160625,4,L,H,ms6B_pw90,30.670625,31.160625,while,True
111,sw3798B.break.94,31.340625,2,None,None,ms6B_pw91,31.160625,31.340625,to,False
112,sw3798B.break.95,31.530625,1,None,None,ms6B_pw92,31.340625,31.530625,come,False
113,sw3798B.break.96,31.700625,1,None,None,ms6B_pw93,31.530625,31.700625,up,False
114,sw3798B.break.97,32.070625,4-,L,L,ms6B_pw94,31.700625,32.070625,with,True
115,sw3798B.break.98,32.293375,2p,None,None,ms6B_pw95,32.070625,32.293375,a,False
116,sw3798B.break.99,32.4365,X,None,X,ms6B_pw96,32.293375,32.4365,uh,False
117,sw3798B.break.100,32.910625,1,None,None,ms6B_pw97,32.4365,32.910625,vaccine,False
118,sw3798B.break.101,33.020625,1,None,None,ms6B_pw98,32.910625,33.020625,for,False
119,sw3798B.break.102,33.060625,4,L,L,ms6B_pw99,33.020625,33.060625,i,True
120,sw3798B.break.103,33.210625,0,None,None,ms6B_pw100,33.060625,33.210625,don't,False
121,sw3798B.break.104,33.210625,0,None,None,ms6B_pw100,33.060625,33.210625,don't,False
122,sw3798B.break.105,33.370625,1,None,None,ms6B_pw101,33.210625,33.370625,think,False
123,sw3798B.break.106,33.480625,1,None,None,ms6B_pw102,33.370625,33.480625,it's,False
124,sw3798B.break.107,33.640625,1,None,None,ms6B_pw103,33.480625,33.640625,gonna,False
125,sw3798B.break.108,33.740625,1,None,None,ms6B_pw104,33.640625,33.740625,be,False
126,sw3798B.break.109,33.910625,1,None,None,ms6B_pw105,33.740625,33.910625,that,False
127,sw3798B.break.110,34.110625,1,None,None,ms6B_pw106,33.910625,34.110625,easy,False
128,sw3798B.break.111,34.170625,0,None,None,ms6B_pw107,34.110625,34.170625,to,False
129,sw3798B.break.112,34.370625,1,None,None,ms6B_pw108,34.170625,34.370625,come,False
130,sw3798B.break.113,34.530625,1,None,None,ms6B_pw109,34.370625,34.530625,up,False
131,sw3798B.break.114,34.840625,4,L,L,ms6B_pw110,34.530625,34.840625,with,True
132,sw3798B.break.115,34.950625,1,None,None,ms6B_pw111,34.840625,34.950625,or,False
133,sw3798B.break.116,34.980625,1,None,None,ms6B_pw112,34.950625,34.980625,i,False
134,sw3798B.break.117,35.200625,1,None,None,ms6B_pw113,34.980625,35.200625,think,False
135,sw3798B.break.118,35.310625,1,None,None,ms6B_pw114,35.200625,35.310625,they,False
136,sw3798A.break.28,35.42525,X,None,None,ms18A_pw22,34.95,35.42525,yeah,False
137,sw3798B.break.119,35.550625,1,None,None,ms6B_pw115,35.310625,35.550625,already,False
138,sw3798B.break.120,35.740625,1,None,None,ms6B_pw116,35.550625,35.740625,would,False
139,sw3798B.break.121,36.030625,4-,L,H,ms6B_pw117,35.740625,36.030625,have,True
140,sw3798B.break.122,36.160625,1,None,None,ms6B_pw118,36.030625,36.160625,by,False
141,sw3798B.break.123,36.490625,4,L,H,ms6B_pw119,36.160625,36.490625,now,True
142,sw3798B.break.124,36.580625,1,None,None,ms6B_pw120,36.490625,36.580625,you,False
143,sw3798B.break.125,36.84675,4,None,None,ms6B_pw121,36.580625,36.84675,know,True
144,sw3798A.break.29,37.17225,X,None,None,ms19A_pw23,36.68175,37.17225,uh-huh,False
145,sw3798B.break.126,37.754,2p,None,None,ms7B_pw122,37.554,37.754,and,False
146,sw3798B.break.127,38.004,X,None,None,ms7B_pw123,37.754,38.004,um,False
147,sw3798B.break.128,38.614000000000004,0,None,None,ms7B_pw124,38.534,38.614000000000004,so,False
148,sw3798B.break.129,38.672,0,None,None,ms7B_pw125,38.614000000000004,38.672,i,False
149,sw3798B.break.130,38.764,1,None,None,ms7B_pw126,38.672,38.764,don't,False
150,sw3798B.break.131,38.854,0,None,None,ms7B_pw127,38.764,38.854,know,False
151,sw3798B.break.132,39.144,1p,None,None,ms7B_pw129,39.034,39.144,if,False
152,sw3798B.break.133,39.144,1,None,None,ms7B_pw129,39.034,39.144,if,False
153,sw3798B.break.134,39.514,1,None,None,ms7B_pw130,39.144,39.514,spending,False
154,sw3798B.break.135,39.564,1,None,None,ms7B_pw131,39.514,39.564,a,False
155,sw3798B.break.136,39.734,1,None,None,ms7B_pw132,39.564,39.734,lot,False
156,sw3798B.break.137,39.894,1,None,None,ms7B_pw133,39.734,39.894,more,False
157,sw3798B.break.138,40.174,1,None,None,ms7B_pw134,39.894,40.174,money,False
158,sw3798B.break.139,40.404,4,L,L,ms7B_pw135,40.174,40.404,would,True
159,sw3798B.break.140,40.684,1,None,None,ms7B_pw136,40.404,40.684,really,False
160,sw3798B.break.141,40.904,1,None,None,ms7B_pw137,40.684,40.904,make,False
161,sw3798B.break.142,41.023999999999994,1,None,None,ms7B_pw138,40.904,41.023999999999994,any,False
162,sw3798B.break.143,41.443999999999996,1,None,None,ms7B_pw139,41.023999999999994,41.443999999999996,difference,False
163,sw3798B.break.144,41.583999999999996,1,None,None,ms7B_pw140,41.443999999999996,41.583999999999996,right,False
164,sw3798B.break.145,41.674,4,L,H,ms7B_pw141,41.583999999999996,41.674,now,True
165,sw3798B.break.146,41.74925,1,None,None,ms7B_pw142,41.674,41.74925,i,False
166,sw3798B.break.147,41.943999999999996,1,None,None,ms7B_pw143,41.74925,41.943999999999996,think,False
167,sw3798B.break.148,42.044,1,None,None,ms7B_pw144,41.943999999999996,42.044,they're,False
168,sw3798B.break.149,42.294,1,None,None,ms7B_pw145,42.044,42.294,doing,False
169,sw3798B.break.150,42.417875,1p,None,None,ms7B_pw146,42.294,42.417875,the,False
170,sw3798B.break.151,42.843999999999994,1,None,None,ms7B_pw147,42.68525,42.843999999999994,is,False
171,sw3798B.break.152,43.013999999999996,1,None,None,ms7B_pw148,42.843999999999994,43.013999999999996,as,False
172,sw3798B.break.153,43.273999999999994,1,None,None,ms7B_pw149,43.013999999999996,43.273999999999994,much,False
173,sw3798B.break.154,43.714,4-,L,L,ms7B_pw150,43.273999999999994,43.714,research,True
174,sw3798B.break.155,43.81399999999999,1,None,None,ms7B_pw151,43.714,43.81399999999999,as,False
175,sw3798B.break.156,43.943999999999996,1,None,None,ms7B_pw152,43.81399999999999,43.943999999999996,they,False
176,sw3798B.break.157,44.06399999999999,1,None,None,ms7B_pw153,43.943999999999996,44.06399999999999,can,False
177,sw3798B.break.158,44.513999999999996,1,None,None,ms7B_pw154,44.06399999999999,44.513999999999996,possibly,False
178,sw3798B.break.159,44.928625,4,L,H,ms7B_pw155,44.513999999999996,44.928625,do,True
179,sw3798B.break.160,45.105625,1,None,None,ms7B_pw156,44.928625,45.105625,you,False
180,sw3798B.break.161,45.289875,4,None,None,ms7B_pw157,45.105625,45.289875,know,True
181,sw3798A.break.30,45.373125,X,None,None,ms21A_pw24,44.9715,45.373125,uh-huh,False
182,sw3798B.break.162,46.244,2p,None,None,ms7B_pw158,46.088375,46.244,and,False
183,sw3798B.break.163,46.565875,X,None,None,ms7B_pw159,46.244,46.565875,uh,False
184,sw3798B.break.164,46.974,1-,None,None,ms7B_pw160,46.8935,46.974,what,False
185,sw3798B.break.165,47.184,1,None,None,ms7B_pw161,46.974,47.184,about,False
186,sw3798B.break.166,47.3945,4,None,None,ms7B_pw162,47.184,47.3945,you,True
187,sw3798A.break.32,48.145875,4,H,H,ms23A_pw25,47.85125,48.145875,well,True
188,sw3798A.break.33,48.304875,1,None,None,ms23A_pw26,48.145875,48.304875,i,False
189,sw3798A.break.34,48.535875,1,None,None,ms23A_pw27,48.304875,48.535875,guess,False
190,sw3798A.break.35,48.665875,1,None,None,ms23A_pw28,48.535875,48.665875,i'm,False
191,sw3798A.break.36,48.90825,2p,None,None,ms23A_pw29,48.665875,48.90825,not,False
192,sw3798A.break.37,49.425875,1,None,None,ms23A_pw30,49.239625,49.425875,too,False
193,sw3798A.break.38,49.915875,1,None,None,ms23A_pw31,49.425875,49.915875,aware,False
194,sw3798A.break.39,50.015875,4,H,L,ms23A_pw32,49.915875,50.015875,of,True
195,sw3798A.break.40,50.205875,1,None,None,ms23A_pw33,50.015875,50.205875,how,False
196,sw3798A.break.41,50.485875,1,None,None,ms23A_pw34,50.205875,50.485875,much,False
197,sw3798A.break.42,50.575875,1,None,None,ms23A_pw35,50.485875,50.575875,they're,False
198,sw3798A.break.43,51.065875,1,None,None,ms23A_pw36,50.575875,51.065875,spending,False
199,sw3798A.break.44,51.285875,1,None,None,ms23A_pw37,51.065875,51.285875,right,False
200,sw3798B.break.167,51.556000000000004,1,None,None,ms9B_pw163,51.386,51.556000000000004,i'm,False
201,sw3798B.break.168,51.760125,1,None,None,ms9B_pw164,51.556000000000004,51.760125,not,False
202,sw3798A.break.45,51.86525,4,None,None,ms23A_pw38,51.285875,51.86525,[laughter-now],True
203,sw3798B.break.169,52.026,4,L,L,ms9B_pw165,51.760125,52.026,either,True
204,sw3798A.break.46,52.03475,1,None,None,ms23A_pw39,51.86525,52.03475,you,False
205,sw3798B.break.170,52.106,1,None,None,ms9B_pw166,52.026,52.106,i'm,False
206,sw3798A.break.47,52.275875,4,None,None,ms23A_pw40,52.03475,52.275875,know,True
207,sw3798B.break.171,52.406000000000006,1,None,None,ms9B_pw167,52.106,52.406000000000006,definitely,False
208,sw3798B.break.172,52.556000000000004,1,None,None,ms9B_pw168,52.406000000000006,52.556000000000004,not,False
209,sw3798B.break.173,52.836000000000006,1,None,None,ms9B_pw169,52.556000000000004,52.836000000000006,aware,False
210,sw3798B.break.174,52.906000000000006,1,None,None,ms9B_pw170,52.836000000000006,52.906000000000006,of,False
211,sw3798B.break.175,53.04600000000001,1,None,None,ms9B_pw171,52.906000000000006,53.04600000000001,how,False
212,sw3798B.break.176,53.55675,4,None,None,ms9B_pw172,53.04600000000001,53.55675,much,True
213,sw3798A.break.48,54.108125,4,None,None,ms24A_pw41,53.639625,54.108125,yeah,True
214,sw3798B.break.177,54.662875,X,None,X,ms10B_pw173,54.362875,54.662875,uh,False
215,sw3798B.break.178,54.832875,1,None,None,ms10B_pw174,54.662875,54.832875,it's,False
216,sw3798B.break.179,55.102875,1,None,None,ms10B_pw175,54.832875,55.102875,something,False
217,sw3798B.break.180,55.232875,1,None,None,ms10B_pw176,55.102875,55.232875,i've,False
218,sw3798B.break.181,55.522875,1,None,None,ms10B_pw177,55.232875,55.522875,never,False
219,sw3798B.break.182,55.692875,1,None,None,ms10B_pw178,55.522875,55.692875,really,False
220,sw3798B.break.183,55.992875,1,None,None,ms10B_pw179,55.692875,55.992875,kept,False
221,sw3798B.break.184,56.132875,1,None,None,ms10B_pw180,55.992875,56.132875,up,False
222,sw3798B.break.185,56.372875,3,L,None,ms10B_pw181,56.132875,56.372875,with,True
223,sw3798B.break.186,56.442875,1,None,None,ms10B_pw182,56.372875,56.442875,at,False
224,sw3798B.break.187,56.798875,4,None,None,ms10B_pw183,56.442875,56.798875,all,True
225,sw3798A.break.49,57.364375,X,None,None,ms26A_pw42,56.898625,57.364375,uh-huh,False
226,sw3798A.break.50,58.118625,X,None,X,ms26A_pw43,57.759875,58.118625,yeah,False
227,sw3798B.break.188,58.373000000000005,X,None,X,ms11B_pw184,57.993,58.373000000000005,um,False
228,sw3798A.break.52,59.317875,0,None,None,ms26A_pw44,59.198625,59.317875,i,False
229,sw3798B.break.190,59.407875,0,None,None,ms11B_pw185,59.2695,59.407875,i,False
230,sw3798A.break.53,59.418625,0,None,None,ms26A_pw45,59.317875,59.418625,mean,False
231,sw3798B.break.191,59.5595,1,None,None,ms11B_pw186,59.407875,59.5595,don't,False
232,sw3798A.break.54,59.57675,2p,None,None,ms26A_pw46,59.418625,59.57675,i,False
233,sw3798B.break.192,59.687375,2p,None,None,ms11B_pw187,59.5595,59.687375,kn[ow]-,False
234,sw3798A.break.55,60.208625,1,None,None,ms26A_pw47,60.100375,60.208625,go,False
235,sw3798A.break.56,60.491125,4,L,L,ms26A_pw48,60.208625,60.491125,ahead,True
236,sw3798B.break.193,60.881625,1,None,None,ms12B_pw188,60.673125,60.881625,i'm,False
237,sw3798B.break.194,61.061625,1,None,None,ms12B_pw189,60.881625,61.061625,not,False
238,sw3798A.break.57,61.089125,X,None,None,ms26A_pw49,60.491125,61.089125,um-hum,False
239,sw3798B.break.195,61.391625,4,L,L,ms12B_pw190,61.061625,61.391625,sure,True
240,sw3798B.break.196,61.591625,X,None,X,ms12B_pw191,61.391625,61.591625,uh,False
241,sw3798B.break.197,61.711625,1,None,None,ms12B_pw192,61.591625,61.711625,i,False
242,sw3798B.break.198,62.060125,2p,None,None,ms12B_pw193,61.711625,62.060125,know,False
243,sw3798B.break.199,62.907875,X,None,None,ms12B_pw194,62.613875,62.907875,uh,False
244,sw3798B.break.200,63.391625,1,None,None,ms12B_pw195,63.239375,63.391625,i've,False
245,sw3798B.break.201,63.641625,1,None,None,ms12B_pw196,63.391625,63.641625,always,False
246,sw3798B.break.202,63.851625,1,None,None,ms12B_pw197,63.641625,63.851625,thought,False
247,sw3798B.break.203,64.031625,1,None,None,ms12B_pw198,63.851625,64.031625,more,False
248,sw3798B.break.204,64.281625,1,None,None,ms12B_pw199,64.031625,64.281625,about,False
249,sw3798B.break.205,64.341625,1,None,None,ms12B_pw200,64.281625,64.341625,the,False
250,sw3798B.break.206,64.771625,4,H,L,ms12B_pw201,64.341625,64.771625,disease,True
251,sw3798B.break.207,65.031625,1,None,None,ms12B_pw202,64.771625,65.031625,rather,False
252,sw3798B.break.208,65.171625,1,None,None,ms12B_pw203,65.031625,65.171625,than,False
253,sw3798B.break.209,65.341625,X,None,X,ms12B_pw204,65.171625,65.341625,the,False
254,sw3798B.break.210,65.341625,1-,None,None,ms12B_pw204,65.171625,65.341625,the,False
255,sw3798B.break.212,66.071625,4,L,L,ms12B_pw205,65.471625,66.071625,research,True
256,sw3798B.break.213,66.171625,0,None,None,ms12B_pw206,66.071625,66.171625,you,False
257,sw3798B.break.214,66.251625,1,None,None,ms12B_pw207,66.171625,66.251625,know,False
258,sw3798B.break.215,66.371625,1-,None,None,ms12B_pw208,66.251625,66.371625,what,False
259,sw3798B.break.216,66.449,1,None,None,ms12B_pw209,66.371625,66.449,i,False
260,sw3798B.break.217,66.701625,4,H,H,ms12B_pw210,66.449,66.701625,mean,True
261,sw3798A.break.58,66.77525,X,None,None,ms28A_pw50,66.350625,66.77525,uh-huh,False
262,sw3798A.break.59,67.603375,4,None,None,ms28A_pw51,67.249875,67.603375,yeah,True
263,sw3798B.break.219,67.911625,2p,None,None,ms12B_pw211,67.641625,67.911625,and,False
264,sw3798B.break.220,68.201625,X,None,X,ms12B_pw212,67.911625,68.201625,uh,False
265,sw3798B.break.221,68.471625,1,None,None,ms12B_pw213,68.201625,68.471625,that,False
266,sw3798B.break.222,68.671625,1,None,None,ms12B_pw214,68.471625,68.671625,sort,False
267,sw3798B.break.223,68.751625,1,None,None,ms12B_pw215,68.671625,68.751625,of,False
268,sw3798B.break.224,69.14025,4,None,None,ms12B_pw216,68.751625,69.14025,thing,True
269,sw3798B.break.225,70.074125,X,None,X,ms13B_pw217,69.714125,70.074125,um,False
270,sw3798B.break.226,70.284125,1p,None,None,ms13B_pw218,70.074125,70.284125,if,False
271,sw3798B.break.227,70.634125,1,None,None,ms13B_pw219,70.514125,70.634125,if,False
272,sw3798B.break.228,70.744125,1,None,None,ms13B_pw220,70.634125,70.744125,we,False
273,sw3798B.break.229,70.834125,1,None,None,ms13B_pw221,70.744125,70.834125,were,False
274,sw3798B.break.230,71.164125,1,None,None,ms13B_pw222,70.834125,71.164125,talking,False
275,sw3798B.break.231,71.414125,1,None,None,ms13B_pw223,71.164125,71.414125,about,False
276,sw3798B.break.232,71.474125,1,None,None,ms13B_pw224,71.414125,71.474125,the,False
277,sw3798B.break.233,72.040875,4,None,None,ms13B_pw225,71.474125,72.040875,money,True
278,sw3798B.break.234,73.115375,X,None,None,ms13B_pw226,72.76025,73.115375,um,False
279,sw3798B.break.235,73.504125,1,None,None,ms13B_pw227,73.394125,73.504125,i'd,False
280,sw3798B.break.236,73.644125,1,None,None,ms13B_pw228,73.504125,73.644125,just,False
281,sw3798B.break.237,73.764125,1,None,None,ms13B_pw229,73.644125,73.764125,have,False
282,sw3798B.break.238,73.864125,1,None,None,ms13B_pw230,73.764125,73.864125,to,False
283,sw3798B.break.239,74.159625,4,None,None,ms13B_pw231,73.864125,74.159625,say,True
284,sw3798B.break.240,75.55925,1,None,None,ms14B_pw232,75.26925,75.55925,what,False
285,sw3798B.break.241,75.66925,1,None,None,ms14B_pw233,75.55925,75.66925,they're,False
286,sw3798B.break.242,76.02925,4-,L,L,ms14B_pw234,75.66925,76.02925,spending,True
287,sw3798B.break.243,76.09925,0,None,None,ms14B_pw235,76.02925,76.09925,is,False
288,sw3798B.break.244,76.35925,1,None,None,ms14B_pw236,76.09925,76.35925,probably,False
289,sw3798B.break.245,76.642125,4,None,None,ms14B_pw237,76.35925,76.642125,enough,True
290,sw3798B.break.246,77.12925,1,None,None,ms14B_pw238,76.751375,77.12925,simply,False
291,sw3798B.break.247,77.40925,1,None,None,ms14B_pw239,77.12925,77.40925,because,False
292,sw3798B.break.248,77.534625,1,None,None,ms14B_pw240,77.40925,77.534625,i,False
293,sw3798B.break.249,77.70925,1,None,None,ms14B_pw241,77.534625,77.70925,don't,False
294,sw3798B.break.250,77.79925,1,None,None,ms14B_pw242,77.70925,77.79925,know,False
295,sw3798B.break.251,77.95925,1,None,None,ms14B_pw243,77.79925,77.95925,that,False
296,sw3798B.break.252,78.12925,1,None,None,ms14B_pw244,77.95925,78.12925,much,False
297,sw3798B.break.253,78.46925,1,None,None,ms14B_pw245,78.12925,78.46925,about,False
298,sw3798B.break.254,78.59925,4,L,L,ms14B_pw246,78.46925,78.59925,it,True
299,sw3798B.break.255,78.716125,1,None,None,ms14B_pw247,78.59925,78.716125,[laughter-you],False
300,sw3798A.break.60,78.97625,4,L,H,ms30A_pw52,78.60625,78.97625,yeah,True
301,sw3798B.break.256,78.98925,4,None,None,ms14B_pw248,78.716125,78.98925,[laughter-know],True
302,sw3798A.break.62,79.76625,4,L,H,ms30A_pw53,79.41625,79.76625,yeah,True
303,sw3798A.break.64,80.47775,0,None,None,ms30A_pw54,80.43625,80.47775,i,False
304,sw3798A.break.65,80.602125,2p,None,None,ms30A_pw55,80.47775,80.602125,mean,False
305,sw3798A.break.66,80.82625,1p,None,None,ms30A_pw56,80.602125,80.82625,i-,False
306,sw3798A.break.67,80.986625,1-,None,None,ms30A_pw57,80.82625,80.986625,i,False
307,sw3798A.break.68,81.13625,1,None,None,ms30A_pw58,80.986625,81.13625,can,False
308,sw3798A.break.69,81.55625,2p,None,None,ms30A_pw59,81.13625,81.55625,see,False
309,sw3798A.break.70,81.81375,4-,None,None,ms30A_pw60,81.55625,81.81375,that,True
310,sw3798A.break.71,82.52625,1,None,None,ms30A_pw61,82.09625,82.52625,research,False
311,sw3798A.break.72,82.64625,1,None,None,ms30A_pw62,82.52625,82.64625,is,False
312,sw3798A.break.73,83.10625,4,L,H,ms30A_pw63,82.64625,83.10625,needed,True
313,sw3798A.break.75,83.854375,2p,None,None,ms30A_pw64,83.40625,83.854375,and,False
314,sw3798A.break.76,84.01625,0,None,None,ms30A_pw65,83.854375,84.01625,you,False
315,sw3798B.break.257,84.141625,X,None,X,ms16B_pw249,83.999375,84.141625,oh,False
316,sw3798A.break.77,84.28625,4,None,None,ms30A_pw66,84.01625,84.28625,know,True
317,sw3798B.break.258,84.43299999999999,4,None,None,ms16B_pw250,84.141625,84.43299999999999,yeah,True
318,sw3798B.break.259,84.680875,1,None,None,ms16B_pw251,84.556,84.680875,i,False
319,sw3798B.break.260,84.893125,1,None,None,ms16B_pw252,84.680875,84.893125,think,False
320,sw3798B.break.261,85.235875,4,None,None,ms16B_pw253,84.893125,85.235875,so,True
321,sw3798A.break.78,85.25025,4,None,None,ms30A_pw67,84.655375,85.25025,definitely,True
322,sw3798B.break.262,85.53975,1,None,None,ms16B_pw254,85.450625,85.53975,i,False
323,sw3798A.break.79,85.571625,0,None,None,ms30A_pw68,85.41975,85.571625,i,False
324,sw3798A.break.80,85.69625,1,None,None,ms30A_pw69,85.571625,85.69625,mean,False
325,sw3798B.break.263,85.703125,1,None,None,ms16B_pw255,85.53975,85.703125,think,False
326,sw3798A.break.81,85.89625,2,None,None,ms30A_pw70,85.69625,85.89625,it's,False
327,sw3798B.break.264,86.004625,4,None,None,ms16B_pw256,85.703125,86.004625,so,True
328,sw3798A.break.82,86.32625,1,None,None,ms30A_pw71,85.89625,86.32625,becoming,False
329,sw3798A.break.83,86.37625,1,None,None,ms30A_pw72,86.32625,86.37625,a,False
330,sw3798A.break.84,86.74625,1,None,None,ms30A_pw73,86.37625,86.74625,major,False
331,sw3798A.break.85,87.257,4,L,L,ms30A_pw74,86.74625,87.257,problem,True
332,sw3798B.break.265,87.81975,4,None,None,ms17B_pw257,87.496375,87.81975,yeah,True
333,sw3798A.break.87,88.441125,2p,None,None,ms31A_pw75,88.20725,88.441125,but,False
334,sw3798B.break.266,88.542375,4,None,None,ms17B_pw258,88.305625,88.542375,yeah,True
335,sw3798A.break.88,88.691875,X,None,None,ms31A_pw76,88.441125,88.691875,uh,False
336,sw3798A.break.89,89.010125,1,None,None,ms31A_pw77,88.800375,89.010125,i,False
337,sw3798A.break.90,89.277625,2p,None,None,ms31A_pw78,89.010125,89.277625,guess,False
338,sw3798A.break.91,89.571125,1,None,None,ms31A_pw79,89.484875,89.571125,the,False
339,sw3798A.break.92,89.961125,3-,L,None,ms31A_pw80,89.571125,89.961125,area,True
340,sw3798A.break.93,90.121125,0,None,None,ms31A_pw81,89.961125,90.121125,that,False
341,sw3798A.break.94,90.231125,1,None,None,ms31A_pw82,90.121125,90.231125,i,False
342,sw3798A.break.95,90.511125,1,None,None,ms31A_pw83,90.231125,90.511125,think,False
343,sw3798A.break.96,90.661125,1,None,None,ms31A_pw84,90.511125,90.661125,more,False
344,sw3798A.break.97,90.951125,4,H,L,ms31A_pw85,90.661125,90.951125,about,True
345,sw3798A.break.98,91.111125,1,None,None,ms31A_pw86,90.951125,91.111125,is,False
346,sw3798A.break.99,91.211125,1,None,None,ms31A_pw87,91.111125,91.211125,i,False
347,sw3798A.break.100,91.361125,1,None,None,ms31A_pw88,91.211125,91.361125,would,False
348,sw3798A.break.101,91.501125,1,None,None,ms31A_pw89,91.361125,91.501125,like,False
349,sw3798A.break.102,91.631125,1,None,None,ms31A_pw90,91.501125,91.631125,to,False
350,sw3798A.break.103,91.821125,1,None,None,ms31A_pw91,91.631125,91.821125,see,False
351,sw3798A.break.104,92.08175,4,L,H,ms31A_pw92,91.821125,92.08175,them,True
352,sw3798A.break.106,93.101125,1,None,None,ms31A_pw93,92.635375,93.101125,focus,False
353,sw3798A.break.107,93.491125,4-,H,L,ms31A_pw94,93.101125,93.491125,on,True
354,sw3798A.break.108,93.691125,X,None,X,ms31A_pw95,93.491125,93.691125,uh,False
355,sw3798A.break.109,94.231125,1,None,None,ms31A_pw96,93.691125,94.231125,preventing,False
356,sw3798A.break.110,94.77775,4,None,None,ms31A_pw97,94.231125,94.77775,it,True
357,sw3798A.break.111,95.275375,X,None,None,ms31A_pw98,94.77775,95.275375,uh,False
358,sw3798B.break.267,95.36775,4,None,None,ms19B_pw259,95.108375,95.36775,yeah,True
359,sw3798B.break.268,95.646375,0,None,None,ms19B_pw260,95.516375,95.646375,well,False
360,sw3798A.break.112,95.773125,1,None,None,ms31A_pw99,95.505125,95.773125,in,False
361,sw3798B.break.269,95.826375,2,None,None,ms19B_pw261,95.646375,95.826375,that's,False
362,sw3798B.break.270,96.137875,4,None,None,ms19B_pw262,95.826375,96.137875,true,True
363,sw3798A.break.113,96.24275,2p,None,None,ms31A_pw100,95.773125,96.24275,more,False
364,sw3798B.break.271,96.496375,1,None,None,ms19B_pw263,96.311125,96.496375,that's,False
365,sw3798B.break.272,96.756375,4,H,L,ms19B_pw264,96.496375,96.756375,true,True
366,sw3798A.break.114,96.800625,0,None,None,ms31A_pw101,96.611875,96.800625,you,False
367,sw3798A.break.115,97.081125,4,L,H,ms31A_pw102,96.800625,97.081125,know,True
368,sw3798B.break.273,97.126375,2p,None,None,ms19B_pw265,96.756375,97.126375,because,False
369,sw3798B.break.274,97.346375,X,None,X,ms19B_pw266,97.126375,97.346375,um,False
370,sw3798B.break.275,97.566375,1,None,None,ms19B_pw267,97.346375,97.566375,it's,False
371,sw3798B.break.276,97.616375,1p,None,None,ms19B_pw268,97.566375,97.616375,a,False
372,sw3798B.break.277,97.886375,1,None,None,ms19B_pw269,97.616375,97.886375,such,False
373,sw3798B.break.278,97.986375,1,None,None,ms19B_pw270,97.886375,97.986375,an,False
374,sw3798B.break.279,98.366375,1,None,None,ms19B_pw271,97.986375,98.366375,easily,False
375,sw3798B.break.280,98.986375,1,None,None,ms19B_pw272,98.366375,98.986375,preventable,False
376,sw3798B.break.281,99.62125,4,None,None,ms19B_pw273,98.986375,99.62125,disease,True
377,sw3798A.break.116,99.926125,4,None,None,ms33A_pw103,99.31625,99.926125,right,True
378,sw3798A.break.117,100.49625,1,None,None,ms33A_pw104,100.257625,100.49625,and,False
379,sw3798A.break.118,100.64625,2p,None,None,ms33A_pw105,100.49625,100.64625,i-,False
380,sw3798B.break.282,100.7945,X,None,None,ms20B_pw274,100.399125,100.7945,um,False
381,sw3798A.break.120,101.51625,1,None,None,ms33A_pw106,101.32625,101.51625,i,False
382,sw3798A.break.121,101.66625,1,None,None,ms33A_pw107,101.51625,101.66625,feel,False
383,sw3798A.break.122,101.921625,4-,None,None,ms33A_pw108,101.66625,101.921625,like,True
384,sw3798A.break.123,102.33625,1,None,None,ms33A_pw109,102.094875,102.33625,just,False
385,sw3798A.break.124,102.8265,2p,None,None,ms33A_pw110,102.33625,102.8265,saying,False
386,sw3798A.break.125,103.20625,X,None,X,ms33A_pw111,102.94325,103.20625,uh,False
387,sw3798A.break.126,103.54625,1,None,None,ms33A_pw112,103.20625,103.54625,safe,False
388,sw3798A.break.127,103.93625,4,L,L,ms33A_pw113,103.54625,103.93625,sex,True
389,sw3798A.break.128,104.04625,1,None,None,ms33A_pw114,103.93625,104.04625,is,False
390,sw3798A.break.129,104.66075,2p,None,None,ms33A_pw115,104.04625,104.66075,not,False
391,sw3798A.break.130,104.77,1,None,None,ms33A_pw116,104.66075,104.77,the,False
392,sw3798A.break.131,105.22625,4,L,L,ms33A_pw117,104.77,105.22625,answer,True
393,sw3798A.break.132,105.696,2p,None,None,ms33A_pw118,105.22625,105.696,it's,False
394,sw3798B.break.283,106.1265,4,L,H,ms22B_pw275,105.837625,106.1265,no,True
395,sw3798A.break.133,106.38625,2p,None,None,ms33A_pw119,106.15625,106.38625,it's,False
396,sw3798B.break.284,106.3865,1,None,None,ms22B_pw276,106.1265,106.3865,it's,False
397,sw3798A.break.134,106.63625,X,None,X,ms33A_pw120,106.38625,106.63625,uh,False
398,sw3798B.break.285,106.7165,1,None,None,ms22B_pw277,106.3865,106.7165,definitely,False
399,sw3798B.break.286,107.0285,4,None,None,ms22B_pw278,106.7165,107.0285,not,True
400,sw3798A.break.136,108.07625,3,L,None,ms33A_pw121,107.45625,108.07625,abstinence,True
401,sw3798A.break.137,108.17625,1,None,None,ms33A_pw122,108.07625,108.17625,in,False
402,sw3798A.break.138,108.42625,1,None,None,ms33A_pw123,108.17625,108.42625,certain,False
403,sw3798A.break.139,108.91625,4,L,L,ms33A_pw124,108.42625,108.91625,cases,True
404,sw3798A.break.140,109.157875,2p,None,None,ms33A_pw125,108.91625,109.157875,and,False
405,sw3798B.break.287,109.33075,1,None,None,ms24B_pw279,109.1415,109.33075,that's,False
406,sw3798B.break.288,109.73075,4,H,L,ms24B_pw280,109.33075,109.73075,true,True
407,sw3798B.break.289,109.86075,1,None,None,ms24B_pw281,109.73075,109.86075,that's,False
408,sw3798B.break.290,110.209375,4,None,None,ms24B_pw282,109.86075,110.209375,true,True
409,sw3798A.break.142,110.427375,4,None,None,ms33A_pw126,110.052,110.427375,yeah,True
410,sw3798A.break.143,110.89625,1-,None,None,ms33A_pw127,110.781375,110.89625,and,False
411,sw3798B.break.291,111.045625,X,None,None,ms24B_pw283,110.5785,111.045625,um,False
412,sw3798A.break.144,111.31825,2p,None,None,ms33A_pw128,110.89625,111.31825,knowing,False
413,sw3798A.break.145,111.76275,0,None,None,ms33A_pw129,111.613625,111.76275,you,False
414,sw3798A.break.146,112.02575,4,None,None,ms33A_pw130,111.76275,112.02575,know,True
415,sw3798B.break.292,112.49075,4,L,H,ms24B_pw284,111.69075,112.49075,myself,True
416,sw3798B.break.293,112.86075,X,None,X,ms24B_pw285,112.49075,112.86075,um,False
417,sw3798B.break.295,114.17075,X,None,X,ms24B_pw286,113.83075,114.17075,um,False
418,sw3798B.break.296,114.27075,1,None,None,ms24B_pw287,114.17075,114.27075,i'm,False
419,sw3798B.break.297,114.47075,1,None,None,ms24B_pw288,114.27075,114.47075,just,False
420,sw3798B.break.298,114.9505,2p,None,None,ms24B_pw289,114.47075,114.9505,recently,False
421,sw3798B.break.299,115.46075,1,None,None,ms24B_pw290,115.331,115.46075,or,False
422,sw3798B.break.300,115.89075,1,None,None,ms24B_pw291,115.46075,115.89075,about,False
423,sw3798B.break.301,116.26075,4,None,None,ms24B_pw292,115.89075,116.26075,to,True
424,sw3798B.break.302,116.56075,1,None,None,ms24B_pw293,116.42075,116.56075,get,False
425,sw3798B.break.303,116.60075,1,None,None,ms24B_pw294,116.56075,116.60075,a,False
426,sw3798B.break.304,117.226,4,None,None,ms24B_pw295,116.60075,117.226,divorce,True
427,sw3798B.break.305,117.928875,2p,None,None,ms25B_pw296,117.668875,117.928875,and,False
428,sw3798A.break.147,117.989375,X,None,None,ms35A_pw131,117.48675,117.989375,uh-huh,False
429,sw3798B.break.306,118.138875,X,None,X,ms25B_pw297,117.928875,118.138875,uh,False
430,sw3798B.break.307,118.448875,1,None,None,ms25B_pw298,118.138875,118.448875,course,False
431,sw3798B.break.308,118.568875,1,None,None,ms25B_pw299,118.448875,118.568875,i'm,False
432,sw3798B.break.309,118.798875,3,L,None,ms25B_pw300,118.568875,118.798875,not,True
433,sw3798B.break.310,119.048875,2,None,None,ms25B_pw301,118.798875,119.048875,all,False
434,sw3798B.break.311,119.278875,2,None,None,ms25B_pw302,119.048875,119.278875,ready,False
435,sw3798B.break.312,119.41175,1,None,None,ms25B_pw303,119.278875,119.41175,to,False
436,sw3798B.break.313,119.936375,4-,None,None,ms25B_pw304,119.41175,119.936375,just,True
437,sw3798B.break.314,120.2565,1,None,None,ms25B_pw305,119.936375,120.2565,run,False
438,sw3798B.break.315,120.478875,1,None,None,ms25B_pw306,120.2565,120.478875,out,False
439,sw3798B.break.316,120.708875,4,H,L,ms25B_pw307,120.478875,120.708875,there,True
440,sw3798B.break.317,120.818875,1,None,None,ms25B_pw308,120.708875,120.818875,and,False
441,sw3798B.break.318,121.148875,2,None,None,ms25B_pw309,120.818875,121.148875,start,False
442,sw3798B.break.319,121.438875,1,None,None,ms25B_pw310,121.148875,121.438875,dating,False
443,sw3798B.break.320,121.788875,1,None,None,ms25B_pw311,121.438875,121.788875,everybody,False
444,sw3798B.break.321,121.92399999999999,1,None,None,ms25B_pw312,121.788875,121.92399999999999,i,False
445,sw3798B.break.322,122.198875,3,H,None,ms25B_pw313,121.92399999999999,122.198875,can,True
446,sw3798B.break.323,122.278875,1,None,None,ms25B_pw314,122.198875,122.278875,or,False
447,sw3798B.break.324,122.6805,4,None,None,ms25B_pw315,122.278875,122.6805,anything,True
448,sw3798A.break.148,123.2065,4,None,None,ms37A_pw132,122.716125,123.2065,yeah,True
449,sw3798B.break.325,123.711125,4,H,L,ms25B_pw316,123.256875,123.711125,but,True
450,sw3798B.break.326,123.948875,1,None,None,ms25B_pw317,123.711125,123.948875,it's,False
451,sw3798B.break.327,124.128875,0,None,None,ms25B_pw318,123.948875,124.128875,sort,False
452,sw3798B.break.328,124.208875,1,None,None,ms25B_pw319,124.128875,124.208875,of,False
453,sw3798B.break.329,124.738875,4,None,None,ms25B_pw320,124.208875,124.738875,scary,True
454,sw3798B.break.330,125.357125,1,None,None,ms26B_pw321,125.274375,125.357125,to,False
455,sw3798B.break.331,125.597125,1,None,None,ms26B_pw322,125.357125,125.597125,find,False
456,sw3798B.break.332,125.927125,1,None,None,ms26B_pw323,125.597125,125.927125,yourself,False
457,sw3798B.break.333,126.358625,4,None,None,ms26B_pw324,125.927125,126.358625,single,True
458,sw3798B.break.334,126.907125,4,L,L,ms26B_pw325,126.505625,126.907125,again,True
459,sw3798B.break.335,126.987125,0,None,None,ms26B_pw326,126.907125,126.987125,you,False
460,sw3798B.break.336,127.232375,4,None,None,ms26B_pw327,126.987125,127.232375,know,True
461,sw3798A.break.149,127.581375,X,None,None,ms39A_pw133,127.128125,127.581375,um-hum,False
462,sw3798B.break.337,127.967125,2p,None,None,ms26B_pw328,127.727625,127.967125,and,False
463,sw3798B.break.338,128.237125,X,None,None,ms26B_pw329,127.967125,128.237125,um,False
464,sw3798B.break.339,128.797125,1,None,None,ms26B_pw330,128.527125,128.797125,because,False
465,sw3798B.break.340,128.897125,1,None,None,ms26B_pw331,128.797125,128.897125,you,False
466,sw3798B.break.341,129.127125,1,None,None,ms26B_pw332,128.897125,129.127125,never,False
467,sw3798B.break.342,129.287125,1,None,None,ms26B_pw333,129.127125,129.287125,know,False
468,sw3798B.break.343,129.477125,1,None,None,ms26B_pw334,129.287125,129.477125,what's,False
469,sw3798B.break.344,129.627125,1,None,None,ms26B_pw335,129.477125,129.627125,gonna,False
470,sw3798B.break.345,129.946125,4,L,L,ms26B_pw336,129.627125,129.946125,happen,True
471,sw3798B.break.347,130.767125,1-,None,None,ms26B_pw337,130.699375,130.767125,you,False
472,sw3798B.break.348,130.917125,1,None,None,ms26B_pw338,130.767125,130.917125,don't,False
473,sw3798B.break.349,131.027125,3-,L,None,ms26B_pw339,130.917125,131.027125,know,True
474,sw3798B.break.350,131.207125,1,None,None,ms26B_pw340,131.027125,131.207125,who,False
475,sw3798B.break.351,131.307125,1,None,None,ms26B_pw341,131.207125,131.307125,you're,False
476,sw3798B.break.352,131.620625,2p,None,None,ms26B_pw342,131.307125,131.620625,gonna,False
477,sw3798B.break.353,132.237125,1,None,None,ms26B_pw343,132.083875,132.237125,come,False
478,sw3798B.break.354,132.687125,4,L,L,ms26B_pw344,132.237125,132.687125,across,True
479,sw3798B.break.355,132.757125,1,None,None,ms26B_pw345,132.687125,132.757125,you,False
480,sw3798B.break.356,132.967125,4,L,H,ms26B_pw346,132.757125,132.967125,know,True
481,sw3798B.break.357,133.18875,1p,None,None,ms26B_pw347,132.967125,133.18875,course,False
482,sw3798A.break.150,133.279875,4,None,None,ms41A_pw134,132.831625,133.279875,yeah,True
483,sw3798B.break.358,133.767125,1p,None,None,ms26B_pw349,133.54775,133.767125,it's,False
484,sw3798B.break.359,133.767125,1,None,None,ms26B_pw349,133.54775,133.767125,it's,False
485,sw3798B.break.360,133.987125,1,None,None,ms26B_pw350,133.767125,133.987125,not,False
486,sw3798B.break.361,134.127125,0,None,None,ms26B_pw351,133.987125,134.127125,that,False
487,sw3798B.break.362,134.327125,2-,None,None,ms26B_pw352,134.127125,134.327125,i'm,False
488,sw3798B.break.363,134.577125,1,None,None,ms26B_pw353,134.327125,134.577125,wanting,False
489,sw3798B.break.364,134.8725,2p,None,None,ms26B_pw354,134.577125,134.8725,to,False
490,sw3798B.break.365,135.70175,1,None,None,ms27B_pw355,135.55175,135.70175,i'm,False
491,sw3798B.break.366,135.86175,1,None,None,ms27B_pw356,135.70175,135.86175,not,False
492,sw3798B.break.367,136.144875,2p,None,None,ms27B_pw357,135.86175,136.144875,gonna,False
493,sw3798B.break.368,137.10175,1,None,None,ms27B_pw359,136.9945,137.10175,to,False
494,sw3798B.break.369,137.29175,1,None,None,ms27B_pw360,137.10175,137.29175,go,False
495,sw3798B.break.370,137.29175,1,None,None,ms27B_pw360,137.10175,137.29175,go,False
496,sw3798B.break.371,137.39175,1,None,None,ms27B_pw361,137.29175,137.39175,and,False
497,sw3798B.break.372,137.56175,1,None,None,ms27B_pw362,137.39175,137.56175,have,False
498,sw3798B.break.373,137.84175,1,None,None,ms27B_pw363,137.56175,137.84175,sex,False
499,sw3798B.break.374,137.95175,1,None,None,ms27B_pw364,137.84175,137.95175,with,False
500,sw3798B.break.375,138.41175,1,None,None,ms27B_pw365,137.95175,138.41175,[laughter-everybody],False
501,sw3798B.break.376,138.53175,1,None,None,ms27B_pw366,138.41175,138.53175,i,False
502,sw3798B.break.377,138.98,4,None,None,ms27B_pw367,138.53175,138.98,see,True
503,sw3798A.break.151,139.637,X,None,None,ms43A_pw135,139.176125,139.637,uh-huh,False
504,sw3798B.break.378,139.87175,1p,None,None,ms27B_pw368,139.609,139.87175,but,False
505,sw3798B.break.379,140.14175,1,None,None,ms27B_pw369,139.87175,140.14175,it's,False
506,sw3798B.break.380,140.45175,1,None,None,ms27B_pw370,140.14175,140.45175,something,False
507,sw3798B.break.381,140.58175,1-,None,None,ms27B_pw371,140.45175,140.58175,you,False
508,sw3798B.break.382,140.72175,0,None,None,ms27B_pw372,140.58175,140.72175,got,False
509,sw3798B.break.383,140.78175,1,None,None,ms27B_pw373,140.72175,140.78175,to,False
510,sw3798B.break.384,140.98175,1,None,None,ms27B_pw374,140.78175,140.98175,think,False
511,sw3798B.break.385,141.20175,1,None,None,ms27B_pw375,140.98175,141.20175,about,False
512,sw3798B.break.386,141.38175,1,None,None,ms27B_pw376,141.20175,141.38175,these,False
513,sw3798B.break.387,141.796375,4,None,None,ms27B_pw377,141.38175,141.796375,days,True
514,sw3798B.break.388,142.12575,1,None,None,ms27B_pw378,141.9885,142.12575,a,False
515,sw3798A.break.152,142.35925,4,None,None,ms45A_pw136,141.96225,142.35925,yeah,True
516,sw3798B.break.389,142.38175,1,None,None,ms27B_pw379,142.12575,142.38175,single,False
517,sw3798B.break.390,142.880875,4,None,None,ms27B_pw380,142.38175,142.880875,person,True
518,sw3798A.break.153,143.544125,X,None,None,ms45A_pw137,143.078625,143.544125,um-hum,False
519,sw3798B.break.391,143.546125,1,None,None,ms28B_pw381,143.38525,143.546125,you,False
520,sw3798B.break.392,143.81125,4-,None,None,ms28B_pw382,143.546125,143.81125,know,True
521,sw3798B.break.393,144.526125,2p,None,None,ms28B_pw383,144.28625,144.526125,and,False
522,sw3798B.break.394,144.75325,X,None,None,ms28B_pw384,144.526125,144.75325,um,False
523,sw3798B.break.395,145.359,1,None,None,ms28B_pw385,145.2315,145.359,i,False
524,sw3798B.break.396,145.496125,1,None,None,ms28B_pw386,145.359,145.496125,mean,False
525,sw3798B.break.397,145.576125,1,None,None,ms28B_pw387,145.496125,145.576125,it,False
526,sw3798B.break.398,145.846125,1,None,None,ms28B_pw388,145.576125,145.846125,certainly,False
527,sw3798B.break.399,146.196125,1,None,None,ms28B_pw389,145.846125,146.196125,changed,False
528,sw3798B.break.400,146.55725,2p,None,None,ms28B_pw390,146.196125,146.55725,my,False
529,sw3798B.break.401,147.516125,4,H,L,ms28B_pw391,146.979125,147.516125,attitude,True
530,sw3798B.break.402,147.806125,1,None,None,ms28B_pw392,147.516125,147.806125,about,False
531,sw3798B.break.403,148.212875,4,None,None,ms28B_pw393,147.806125,148.212875,that,True
532,sw3798A.break.154,148.690375,4,None,None,ms47A_pw138,148.2785,148.690375,yeah,True
533,sw3798B.break.404,148.8865,1,None,None,ms28B_pw394,148.7665,148.8865,in,False
534,sw3798B.break.405,149.00325,1,None,None,ms28B_pw395,148.8865,149.00325,a,False
535,sw3798B.break.406,149.37625,4,None,None,ms28B_pw396,149.00325,149.37625,hurry,True
536,sw3798A.break.155,150.075875,4,None,None,ms48A_pw139,149.717125,150.075875,yeah,True
537,sw3798B.break.407,150.496125,2p,None,None,ms28B_pw397,150.246125,150.496125,and,False
538,sw3798A.break.156,150.532375,1,None,None,ms48A_pw140,150.362125,150.532375,i,False
539,sw3798B.break.408,150.756125,X,None,None,ms28B_pw398,150.496125,150.756125,um,False
540,sw3798A.break.157,150.757125,4-,L,L,ms48A_pw141,150.532375,150.757125,think,True
541,sw3798A.break.158,150.987125,1,None,None,ms48A_pw143,150.947125,150.987125,a,False
542,sw3798A.break.159,151.187125,0,None,None,ms48A_pw144,150.987125,151.187125,lot,False
543,sw3798A.break.160,151.187125,0,None,None,ms48A_pw144,150.987125,151.187125,lot,False
544,sw3798A.break.161,151.247125,1,None,None,ms48A_pw145,151.187125,151.247125,of,False
545,sw3798A.break.162,151.537125,1,None,None,ms48A_pw146,151.247125,151.537125,people,False
546,sw3798A.break.163,151.647125,1,None,None,ms48A_pw147,151.537125,151.647125,it,False
547,sw3798A.break.164,152.057125,4,None,None,ms48A_pw148,151.647125,152.057125,has,True
548,sw3798B.break.409,152.446875,4,None,None,ms29B_pw399,151.856875,152.446875,certainly,True
549,sw3798A.break.165,152.70425,4-,None,None,ms48A_pw149,152.29825,152.70425,so,True
550,sw3798B.break.410,152.965875,4,None,None,ms29B_pw400,152.556,152.965875,yeah,True
551,sw3798A.break.166,154.67025,X,None,None,ms49A_pw150,154.205375,154.67025,so,False
552,sw3798B.break.411,154.862875,2p,None,None,ms30B_pw401,154.532875,154.862875,but,False
553,sw3798B.break.412,155.144125,X,None,None,ms30B_pw402,154.862875,155.144125,um,False
554,sw3798B.break.413,156.212875,X,None,X,ms30B_pw403,156.0255,156.212875,uh,False
555,sw3798B.break.414,156.378125,1,None,None,ms30B_pw404,156.212875,156.378125,i,False
556,sw3798B.break.415,156.562875,1,None,None,ms30B_pw405,156.378125,156.562875,know,False
557,sw3798B.break.416,156.822875,2p,None,None,ms30B_pw406,156.562875,156.822875,that,False
558,sw3798B.break.417,157.089125,X,None,None,ms30B_pw407,156.822875,157.089125,uh,False
559,sw3798B.break.418,157.532875,1,None,None,ms30B_pw408,157.412875,157.532875,in,False
560,sw3798B.break.419,157.732875,0,None,None,ms30B_pw410,157.662875,157.732875,of,False
561,sw3798B.break.420,157.892875,0,None,None,ms30B_pw411,157.732875,157.892875,these,False
562,sw3798B.break.422,158.412875,2,None,None,ms30B_pw412,158.062875,158.412875,larger,False
563,sw3798B.break.423,158.812875,4,L,L,ms30B_pw413,158.412875,158.812875,cities,True
564,sw3798B.break.424,158.922875,1,None,None,ms30B_pw414,158.812875,158.922875,they're,False
565,sw3798B.break.425,159.402875,1,None,None,ms30B_pw415,158.922875,159.402875,passing,False
566,sw3798B.break.426,159.602875,4-,L,L,ms30B_pw416,159.402875,159.602875,out,True
567,sw3798B.break.427,159.932875,1,None,None,ms30B_pw417,159.602875,159.932875,free,False
568,sw3798B.break.428,160.74,4-,None,None,ms30B_pw418,159.932875,160.74,syringes,True
569,sw3798B.break.429,161.380125,1,None,None,ms31B_pw419,161.210125,161.380125,and,False
570,sw3798B.break.430,161.520125,1,None,None,ms31B_pw420,161.380125,161.520125,all,False
571,sw3798B.break.431,161.580125,1,None,None,ms31B_pw421,161.520125,161.580125,of,False
572,sw3798B.break.432,161.780125,1,None,None,ms31B_pw422,161.580125,161.780125,that,False
573,sw3798B.break.433,161.970125,0,None,None,ms31B_pw423,161.780125,161.970125,sort,False
574,sw3798B.break.434,162.030125,1,None,None,ms31B_pw424,161.970125,162.030125,of,False
575,sw3798B.break.435,162.3675,4,None,None,ms31B_pw425,162.030125,162.3675,thing,True
576,sw3798B.break.436,163.000125,1,None,None,ms31B_pw426,162.898625,163.000125,to,False
577,sw3798A.break.167,163.146875,X,None,None,ms51A_pw151,162.592875,163.146875,uh-huh,False
578,sw3798B.break.437,163.440125,1p,None,None,ms31B_pw427,163.000125,163.440125,prevent,False
579,sw3798B.break.438,163.540125,1-,None,None,ms31B_pw428,163.440125,163.540125,you,False
580,sw3798B.break.439,163.710125,4,L,L,ms31B_pw429,163.540125,163.710125,know,True
581,sw3798B.break.440,163.920125,1,None,None,ms31B_pw430,163.710125,163.920125,so,False
582,sw3798B.break.441,164.170125,1p,None,None,ms31B_pw431,163.920125,164.170125,that,False
583,sw3798B.break.442,164.290125,X,None,X,ms31B_pw432,164.170125,164.290125,uh,False
584,sw3798B.break.443,164.530125,1p,None,None,ms31B_pw433,164.290125,164.530125,the,False
585,sw3798B.break.444,164.860125,1,None,None,ms31B_pw434,164.530125,164.860125,drug,False
586,sw3798A.break.168,165.12575,1,None,None,ms52A_pw152,164.8325,165.12575,drug,False
587,sw3798B.break.445,165.230125,4,L,L,ms31B_pw435,164.860125,165.230125,addicts,True
588,sw3798B.break.446,165.410125,1,None,None,ms31B_pw436,165.230125,165.410125,won't,False
589,sw3798B.break.447,165.520125,1,None,None,ms31B_pw437,165.410125,165.520125,be,False
590,sw3798A.break.169,165.690875,4,None,None,ms52A_pw153,165.12575,165.690875,addicts,True
591,sw3798B.break.448,165.780125,1,None,None,ms31B_pw438,165.520125,165.780125,getting,False
592,sw3798B.break.449,166.050125,1,None,None,ms31B_pw439,165.780125,166.050125,dirty,False
593,sw3798A.break.170,166.26575,X,None,None,ms52A_pw154,165.85675,166.26575,um-hum,False
594,sw3798B.break.450,166.430125,4,H,L,ms31B_pw440,166.050125,166.430125,needles,True
595,sw3798B.break.451,166.520125,1,None,None,ms31B_pw441,166.430125,166.520125,and,False
596,sw3798B.break.452,166.94825,4,H,H,ms31B_pw442,166.520125,166.94825,everything,True
597,sw3798A.break.171,167.541375,X,None,None,ms53A_pw155,167.151875,167.541375,yeah,False
598,sw3798B.break.454,167.720125,2p,None,None,ms31B_pw443,167.517,167.720125,and,False
599,sw3798B.break.455,167.81175,X,None,X,ms31B_pw444,167.720125,167.81175,uh,False
600,sw3798B.break.456,167.97,1-,None,None,ms31B_pw445,167.81175,167.97,i,False
601,sw3798B.break.457,168.180125,1,None,None,ms31B_pw446,167.97,168.180125,don't,False
602,sw3798B.break.458,168.350125,4,L,H,ms31B_pw447,168.180125,168.350125,know,True
603,sw3798B.break.459,168.430125,0,None,None,ms31B_pw448,168.350125,168.430125,i,False
604,sw3798B.break.460,168.580125,1,None,None,ms31B_pw449,168.430125,168.580125,don't,False
605,sw3798B.break.461,168.730125,3-,L,None,ms31B_pw450,168.580125,168.730125,think,True
606,sw3798B.break.462,168.920125,1,None,None,ms31B_pw451,168.730125,168.920125,that's,False
607,sw3798B.break.463,168.970125,1,None,None,ms31B_pw452,168.920125,168.970125,a,False
608,sw3798B.break.464,169.210125,1,None,None,ms31B_pw453,168.970125,169.210125,bad,False
609,sw3798B.break.465,169.640125,4,None,None,ms31B_pw454,169.210125,169.640125,idea,True
610,sw3798B.break.466,170.388,1,None,None,ms32B_pw455,170.315875,170.388,i,False
611,sw3798A.break.172,170.56075,X,None,None,ms55A_pw156,170.165625,170.56075,uh-huh,False
612,sw3798B.break.467,170.59099999999998,1,None,None,ms32B_pw456,170.388,170.59099999999998,know,False
613,sw3798B.break.468,170.801,2p,None,None,ms32B_pw457,170.59099999999998,170.801,it,False
614,sw3798B.break.469,171.101,X,None,X,ms32B_pw458,170.801,171.101,uh,False
615,sw3798B.break.470,171.291,1,None,None,ms32B_pw459,171.101,171.291,sort,False
616,sw3798B.break.471,171.60299999999998,1p,None,None,ms32B_pw460,171.291,171.60299999999998,of,False
617,sw3798B.break.472,172.198875,2,None,None,ms32B_pw461,171.799625,172.198875,doesn't,False
618,sw3798B.break.473,172.551,1,None,None,ms32B_pw462,172.198875,172.551,address,False
619,sw3798B.break.474,172.62099999999998,1,None,None,ms32B_pw463,172.551,172.62099999999998,the,False
620,sw3798B.break.475,172.99099999999999,1,None,None,ms32B_pw464,172.62099999999998,172.99099999999999,problem,False
621,sw3798B.break.476,173.09099999999998,1,None,None,ms32B_pw465,172.99099999999999,173.09099999999998,of,False
622,sw3798B.break.477,173.351,1,None,None,ms32B_pw466,173.09099999999998,173.351,drug,False
623,sw3798B.break.478,173.801625,4,L,H,ms32B_pw467,173.351,173.801625,addiction,True
624,sw3798A.break.173,174.62075,4,None,None,ms57A_pw157,174.185875,174.62075,yeah,True
625,sw3798B.break.480,174.69099999999997,1,None,None,ms32B_pw468,174.581,174.69099999999997,it,False
626,sw3798B.break.481,174.861,1,None,None,ms32B_pw469,174.69099999999997,174.861,just,False
627,sw3798B.break.482,174.99099999999999,0,None,None,ms32B_pw470,174.861,174.99099999999999,sort,False
628,sw3798B.break.483,175.051,1,None,None,ms32B_pw471,174.99099999999999,175.051,of,False
629,sw3798B.break.484,175.291,1,None,None,ms32B_pw472,175.051,175.291,keeps,False
630,sw3798B.break.485,175.53099999999998,1,None,None,ms32B_pw473,175.291,175.53099999999998,that,False
631,sw3798B.break.486,175.897625,4,None,None,ms32B_pw474,175.53099999999998,175.897625,going,True
632,sw3798A.break.174,176.592625,4,None,None,ms58A_pw158,176.1655,176.592625,yeah,True
633,sw3798B.break.488,177.015,2p,None,None,ms33B_pw475,176.78375,177.015,but,False
634,sw3798B.break.489,177.375125,X,None,None,ms33B_pw476,177.015,177.375125,um,False
635,sw3798B.break.490,177.695375,1,None,None,ms33B_pw477,177.593625,177.695375,i,False
636,sw3798B.break.491,177.84225,1,None,None,ms33B_pw478,177.695375,177.84225,don't,False
637,sw3798B.break.492,177.915,4,L,L,ms33B_pw479,177.84225,177.915,know,True
638,sw3798B.break.493,177.975,1-,None,None,ms33B_pw480,177.915,177.975,at,False
639,sw3798B.break.494,178.185,2-,None,None,ms33B_pw481,177.975,178.185,least,False
640,sw3798B.break.495,178.425,1,None,None,ms33B_pw482,178.185,178.425,drug,False
641,sw3798B.break.496,178.775,1,None,None,ms33B_pw483,178.425,178.775,addiction,False
642,sw3798B.break.497,178.925,1,None,None,ms33B_pw484,178.775,178.925,can,False
643,sw3798B.break.498,179.025,1,None,None,ms33B_pw485,178.925,179.025,be,False
644,sw3798B.break.499,179.445,4,H,L,ms33B_pw486,179.025,179.445,treated,True
645,sw3798B.break.500,180.075,2p,None,None,ms33B_pw487,179.445,180.075,whereas,False
646,sw3798B.break.501,180.415,4-,None,None,ms33B_pw488,180.075,180.415,AIDS,True
647,sw3798B.break.502,180.835,1,None,None,ms33B_pw489,180.685,180.835,so,False
648,sw3798B.break.503,181.135,4,L,L,ms33B_pw490,180.835,181.135,far,True
649,sw3798B.break.504,181.465,1,None,None,ms33B_pw491,181.135,181.465,cannot,False
650,sw3798B.break.505,181.765,4,None,None,ms33B_pw492,181.465,181.765,be,True
651,sw3798A.break.175,182.36425,X,None,None,ms60A_pw159,181.878875,182.36425,uh-huh,False
652,sw3798B.break.506,182.390125,1,None,None,ms34B_pw493,182.290125,182.390125,you,False
653,sw3798B.break.507,182.550125,4,L,H,ms34B_pw494,182.390125,182.550125,know,True
654,sw3798B.break.508,182.880125,2p,None,None,ms34B_pw495,182.550125,182.880125,so,False
655,sw3798B.break.509,182.971125,1-,None,None,ms34B_pw496,182.880125,182.971125,i,False
656,sw3798B.break.510,183.070125,1-,None,None,ms34B_pw497,182.971125,183.070125,don't,False
657,sw3798B.break.511,183.160125,2p,None,None,ms34B_pw498,183.070125,183.160125,know,False
658,sw3798B.break.512,183.315375,0,None,None,ms34B_pw500,183.270125,183.315375,i,False
659,sw3798B.break.513,183.530125,0,None,None,ms34B_pw501,183.315375,183.530125,think,False
660,sw3798B.break.514,183.530125,1,None,None,ms34B_pw501,183.315375,183.530125,think,False
661,sw3798B.break.515,183.90225,2p,None,None,ms34B_pw502,183.530125,183.90225,that's,False
662,sw3798B.break.516,184.610125,1,None,None,ms34B_pw503,184.4635,184.610125,i'm,False
663,sw3798B.break.517,184.880125,1,None,None,ms34B_pw504,184.610125,184.880125,not,False
664,sw3798B.break.518,184.99425,1p,None,None,ms34B_pw505,184.880125,184.99425,t[oo]-,False
665,sw3798B.break.519,185.370125,1p,None,None,ms34B_pw506,185.175125,185.370125,too,False
666,sw3798B.break.520,185.600125,1,None,None,ms34B_pw507,185.370125,185.600125,much,False
667,sw3798B.break.521,185.950125,3,H,None,ms34B_pw508,185.600125,185.950125,against,True
668,sw3798B.break.522,186.357625,1p,None,None,ms34B_pw510,186.22475,186.357625,the,False
669,sw3798B.break.523,186.357625,1,None,None,ms34B_pw510,186.22475,186.357625,the,False
670,sw3798B.break.524,186.710125,1,None,None,ms34B_pw511,186.357625,186.710125,passing,False
671,sw3798B.break.525,186.800125,0,None,None,ms34B_pw512,186.710125,186.800125,out,False
672,sw3798B.break.526,186.880125,0,None,None,ms34B_pw513,186.800125,186.880125,of,False
673,sw3798B.break.527,186.940125,1,None,None,ms34B_pw514,186.880125,186.940125,the,False
674,sw3798B.break.528,187.200125,1,None,None,ms34B_pw515,186.940125,187.200125,free,False
675,sw3798B.break.529,187.740125,4,L,L,ms34B_pw516,187.200125,187.740125,syringes,True
676,sw3798B.break.530,188.186375,4,L,L,ms34B_pw517,187.740125,188.186375,myself,True
677,sw3798B.break.532,188.420625,1,None,None,ms34B_pw518,188.35575,188.420625,i,False
678,sw3798B.break.533,188.580125,4,None,None,ms34B_pw520,188.520125,188.580125,know,True
679,sw3798B.break.534,188.670125,0,None,None,ms34B_pw521,188.580125,188.670125,what,False
680,sw3798B.break.535,188.730125,0,None,None,ms34B_pw522,188.670125,188.730125,do,False
681,sw3798A.break.176,188.753875,X,None,None,ms62A_pw160,188.33225,188.753875,um-hum,False
682,sw3798B.break.536,188.790125,0,None,None,ms34B_pw523,188.730125,188.790125,you,False
683,sw3798B.break.537,188.940125,1,None,None,ms34B_pw524,188.790125,188.940125,think,False
684,sw3798B.break.538,189.150125,2,None,None,ms34B_pw525,188.940125,189.150125,about,False
685,sw3798B.break.539,189.548125,4,None,None,ms34B_pw526,189.150125,189.548125,that,True
686,sw3798A.break.178,190.04225,4-,H,H,ms63A_pw161,189.735375,190.04225,well,True
687,sw3798A.break.180,191.2835,4,None,None,ms63A_pw162,190.5975,191.2835,yeah,True
688,sw3798A.break.182,192.64275,4,None,None,ms64A_pw163,192.3065,192.64275,boy,True
689,sw3798A.break.183,193.0515,1p,None,None,ms64A_pw164,192.902625,193.0515,th[at's]-,False
690,sw3798B.break.540,193.19075,1p,None,None,ms36B_pw527,192.937125,193.19075,it's,False
691,sw3798A.break.184,193.2615,1,None,None,ms64A_pw165,193.0515,193.2615,that's,False
692,sw3798A.break.185,193.3915,1,None,None,ms64A_pw166,193.2615,193.3915,a,False
693,sw3798A.break.186,193.7815,3,L,None,ms64A_pw167,193.3915,193.7815,hard,True
694,sw3798B.break.541,194.0215,1,None,None,ms36B_pw528,193.847375,194.0215,it,False
695,sw3798A.break.187,194.1915,4,L,L,ms64A_pw168,193.7815,194.1915,issue,True
696,sw3798B.break.542,194.361375,1,None,None,ms36B_pw529,194.0215,194.361375,really,False
697,sw3798A.break.190,194.7615,1,None,None,ms64A_pw170,194.4615,194.7615,really,False
698,sw3798B.break.543,195.0615,4,None,None,ms36B_pw530,194.361375,195.0615,is,True
699,sw3798B.break.544,195.2015,1,None,None,ms36B_pw531,195.0615,195.2015,it,False
700,sw3798A.break.191,195.246375,4,None,None,ms64A_pw171,194.7615,195.246375,is,True
701,sw3798B.break.545,195.4115,1,None,None,ms36B_pw532,195.2015,195.4115,really,False
702,sw3798B.break.546,195.5115,4,L,L,ms36B_pw533,195.4115,195.5115,is,True
703,sw3798B.break.547,195.6115,1,None,None,ms36B_pw534,195.5115,195.6115,they,False
704,sw3798B.break.548,195.7915,1,None,None,ms36B_pw535,195.6115,195.7915,gave,False
705,sw3798B.break.549,195.9015,1,None,None,ms36B_pw536,195.7915,195.9015,us,False
706,sw3798B.break.550,195.9815,1,None,None,ms36B_pw537,195.9015,195.9815,a,False
707,sw3798B.break.551,196.2115,1,None,None,ms36B_pw538,195.9815,196.2115,hard,False
708,sw3798B.break.552,196.66975,4,L,L,ms36B_pw539,196.2115,196.66975,topic,True
709,sw3798A.break.192,197.4105,4,L,L,ms65A_pw172,197.0405,197.4105,yeah,True
710,sw3798A.break.194,198.69075,1,None,None,ms65A_pw173,198.5505,198.69075,i,False
711,sw3798A.break.195,198.98775,4,H,L,ms65A_pw174,198.69075,198.98775,mean,True
712,sw3798A.break.196,199.409625,2p,None,None,ms65A_pw175,198.98775,199.409625,i-,False
713,sw3798A.break.197,199.881375,1,None,None,ms65A_pw176,199.713125,199.881375,i,False
714,sw3798A.break.198,200.3805,3-,L,None,ms65A_pw177,199.881375,200.3805,definitely,True
715,sw3798A.break.199,200.6505,1,None,None,ms65A_pw178,200.3805,200.6505,think,False
716,sw3798A.break.200,200.8005,1,None,None,ms65A_pw179,200.6505,200.8005,that,False
717,sw3798A.break.201,201.1105,4,L,L,ms65A_pw180,200.8005,201.1105,it's,True
718,sw3798A.break.202,201.1805,1,None,None,ms65A_pw181,201.1105,201.1805,the,False
719,sw3798A.break.203,201.4805,1,None,None,ms65A_pw182,201.1805,201.4805,drug,False
720,sw3798A.break.204,201.7705,3,L,None,ms65A_pw183,201.4805,201.7705,problem,True
721,sw3798A.break.205,201.8705,1,None,None,ms65A_pw184,201.7705,201.8705,that,False
722,sw3798A.break.206,202.0605,1,None,None,ms65A_pw185,201.8705,202.0605,needs,False
723,sw3798A.break.207,202.1905,0,None,None,ms65A_pw186,202.0605,202.1905,to,False
724,sw3798A.break.208,202.2805,1,None,None,ms65A_pw187,202.1905,202.2805,be,False
725,sw3798A.break.209,202.6805,4,H,L,ms65A_pw188,202.2805,202.6805,addressed,True
726,sw3798A.break.210,202.9805,2p,None,None,ms65A_pw189,202.6805,202.9805,but,False
727,sw3798A.break.211,203.1705,1,None,None,ms65A_pw190,202.9805,203.1705,as,False
728,sw3798A.break.212,203.2805,1,None,None,ms65A_pw191,203.1705,203.2805,you,False
729,sw3798A.break.213,203.74925,4,None,None,ms65A_pw192,203.2805,203.74925,say,True
730,sw3798A.break.214,204.432125,X,None,None,ms65A_pw193,204.03925,204.432125,um,False
731,sw3798A.break.216,206.009875,2p,None,None,ms66A_pw194,205.490125,206.009875,people,False
732,sw3798A.break.217,206.444125,1,None,None,ms66A_pw195,206.32625,206.444125,i,False
733,sw3798A.break.218,206.6535,4,H,L,ms66A_pw196,206.444125,206.6535,mean,True
734,sw3798A.break.219,206.8135,1,None,None,ms66A_pw197,206.6535,206.8135,in,False
735,sw3798A.break.220,206.8735,1,None,None,ms66A_pw198,206.8135,206.8735,the,False
736,sw3798A.break.221,207.5035,4,L,H,ms66A_pw199,206.8735,207.5035,meantime,True
737,sw3798A.break.222,207.7435,4-,L,H,ms66A_pw200,207.5035,207.7435,well,True
738,sw3798B.break.554,208.58375,X,None,None,ms38B_pw540,208.120375,208.58375,um-hum,False
739,sw3798A.break.224,208.6735,1,None,None,ms66A_pw201,208.4235,208.6735,someone,False
740,sw3798A.break.225,208.8135,1,None,None,ms66A_pw202,208.6735,208.8135,who's,False
741,sw3798A.break.226,209.0335,1,None,None,ms66A_pw203,208.8135,209.0335,not,False
742,sw3798A.break.227,209.2435,1,None,None,ms66A_pw204,209.0335,209.2435,ready,False
743,sw3798A.break.228,209.3635,1-,None,None,ms66A_pw205,209.2435,209.3635,to,False
744,sw3798A.break.229,209.5435,1,None,None,ms66A_pw206,209.3635,209.5435,give,False
745,sw3798A.break.230,209.7235,1,None,None,ms66A_pw207,209.5435,209.7235,up,False
746,sw3798A.break.231,210.2955,4,L,H,ms66A_pw208,209.7235,210.2955,drugs,True
747,sw3798B.break.555,210.46099999999998,1,None,None,ms39B_pw541,210.280375,210.46099999999998,that's,False
748,sw3798A.break.232,210.703375,X,None,None,ms66A_pw209,210.2955,210.703375,um,False
749,sw3798B.break.556,210.823375,4,None,None,ms39B_pw542,210.46099999999998,210.823375,true,True
750,sw3798A.break.233,211.2135,0,None,None,ms66A_pw210,211.083875,211.2135,you,False
751,sw3798B.break.557,211.361,1,None,None,ms39B_pw543,211.18875,211.361,that's,False
752,sw3798A.break.234,211.51225,4,None,None,ms66A_pw211,211.2135,211.51225,know,True
753,sw3798B.break.558,211.692,4,None,None,ms39B_pw544,211.361,211.692,true,True
754,sw3798A.break.235,212.0335,1,None,None,ms66A_pw212,211.828625,212.0335,if,False
755,sw3798A.break.236,212.1435,1,None,None,ms66A_pw213,212.0335,212.1435,they're,False
756,sw3798A.break.237,212.406125,1p,None,None,ms66A_pw214,212.1435,212.406125,per[petrating]-,False
757,sw3798A.break.238,213.2935,1,None,None,ms66A_pw215,212.666,213.2935,perpetrating,False
758,sw3798A.break.239,213.621125,2p,None,None,ms66A_pw216,213.2935,213.621125,the,False
759,sw3798A.break.240,214.0735,1,None,None,ms66A_pw217,213.81325,214.0735,AIDS,False
760,sw3798A.break.241,214.59075,4,L,H,ms66A_pw218,214.0735,214.59075,problem,True
761,sw3798A.break.243,215.3635,1,None,None,ms66A_pw219,215.005125,215.3635,passing,False
762,sw3798A.break.244,215.6035,1,None,None,ms66A_pw220,215.3635,215.6035,that,False
763,sw3798A.break.245,215.8135,4,L,H,ms66A_pw221,215.6035,215.8135,on,True
764,sw3798A.break.246,215.8935,1,None,None,ms66A_pw222,215.8135,215.8935,to,False
765,sw3798A.break.247,216.0835,1,None,None,ms66A_pw223,215.8935,216.0835,each,False
766,sw3798A.break.248,216.3535,4-,H,L,ms66A_pw224,216.0835,216.3535,other,True
767,sw3798A.break.249,216.67575,2p,None,None,ms66A_pw225,216.3535,216.67575,then,False
768,sw3798B.break.559,217.292375,4,None,None,ms41B_pw545,217.0075,217.292375,yeah,True
769,sw3798A.break.251,217.7135,1-,None,None,ms66A_pw226,217.5935,217.7135,you,False
770,sw3798B.break.560,217.7675,0,None,None,ms41B_pw546,217.68025,217.7675,you,False
771,sw3798B.break.561,217.916375,4,None,None,ms41B_pw547,217.7675,217.916375,know,True
772,sw3798A.break.252,218.0135,4,None,None,ms66A_pw227,217.7135,218.0135,know,True
773,sw3798B.break.562,218.264,1,None,None,ms41B_pw548,218.164875,218.264,i,False
774,sw3798B.break.563,218.4575,1,None,None,ms41B_pw549,218.264,218.4575,guess,False
775,sw3798B.break.564,218.5875,1-,None,None,ms41B_pw550,218.4575,218.5875,if,False
776,sw3798B.break.565,218.6475,1,None,None,ms41B_pw551,218.5875,218.6475,you,False
777,sw3798B.break.566,219.0475,1,None,None,ms41B_pw552,218.6475,219.0475,consider,False
778,sw3798B.break.567,219.1175,1,None,None,ms41B_pw553,219.0475,219.1175,the,False
779,sw3798B.break.568,219.3475,1,None,None,ms41B_pw554,219.1175,219.3475,two,False
780,sw3798B.break.569,219.8775,4,L,H,ms41B_pw555,219.3475,219.8775,problems,True
781,sw3798B.break.570,220.1475,1,None,None,ms41B_pw556,219.8775,220.1475,drug,False
782,sw3798B.break.571,220.5575,3,L,None,ms41B_pw557,220.1475,220.5575,addiction,True
783,sw3798B.break.572,220.7775,1,None,None,ms41B_pw558,220.5575,220.7775,an,False
784,sw3798B.break.573,221.20625,4,None,None,ms41B_pw559,220.7775,221.20625,AIDS,True
785,sw3798A.break.253,221.6525,4,None,None,ms68A_pw228,221.228625,221.6525,yeah,True
786,sw3798B.break.574,221.7675,1,None,None,ms41B_pw560,221.55275,221.7675,AIDS,False
787,sw3798B.break.575,221.8575,1,None,None,ms41B_pw561,221.7675,221.8575,would,False
788,sw3798B.break.576,221.9775,0,None,None,ms41B_pw562,221.8575,221.9775,have,False
789,sw3798B.break.577,222.0375,1,None,None,ms41B_pw563,221.9775,222.0375,to,False
790,sw3798B.break.578,222.1275,1,None,None,ms41B_pw564,222.0375,222.1275,have,False
791,sw3798B.break.579,222.3275,1,None,None,ms41B_pw565,222.1275,222.3275,come,False
792,sw3798B.break.580,222.6675,3-,H,None,ms41B_pw566,222.3275,222.6675,first,True
793,sw3798B.break.581,222.728875,1,None,None,ms41B_pw567,222.6675,222.728875,i,False
794,sw3798B.break.582,222.9875,4,L,H,ms41B_pw568,222.728875,222.9875,guess,True
795,sw3798B.break.583,223.1375,1,None,None,ms41B_pw569,222.9875,223.1375,as,False
796,sw3798B.break.584,223.3875,1,None,None,ms41B_pw570,223.1375,223.3875,far,False
797,sw3798B.break.585,223.55700000000002,2p,None,None,ms41B_pw571,223.3875,223.55700000000002,as,False
798,sw3798A.break.254,224.35299999999998,4,H,L,ms70A_pw229,223.856625,224.35299999999998,yeah,True
799,sw3798B.break.586,224.3815,0,None,None,ms42B_pw572,224.14125,224.3815,something,False
800,sw3798B.break.587,224.480125,1p,None,None,ms42B_pw573,224.3815,224.480125,to,False
801,sw3798B.break.588,224.637,X,None,X,ms42B_pw574,224.480125,224.637,uh,False
802,sw3798B.break.589,224.747,1-,None,None,ms42B_pw575,224.637,224.747,to,False
803,sw3798B.break.590,224.886125,1,None,None,ms42B_pw576,224.747,224.886125,do,False
804,sw3798B.break.591,225.172375,1,None,None,ms42B_pw577,224.886125,225.172375,about,False
805,sw3798B.break.592,225.418375,4,None,None,ms42B_pw578,225.172375,225.418375,it,True
806,sw3798A.break.257,225.9905,X,None,None,ms71A_pw230,225.53400000000002,225.9905,uh-huh,False
807,sw3798B.break.593,226.39700000000002,2p,None,None,ms42B_pw580,225.917,226.39700000000002,so,False
808,sw3798B.break.594,226.39700000000002,1,None,None,ms42B_pw580,225.917,226.39700000000002,so,False
809,sw3798B.break.595,226.51425,1-,None,None,ms42B_pw581,226.39700000000002,226.51425,i,False
810,sw3798B.break.596,226.657375,1,None,None,ms42B_pw582,226.51425,226.657375,don't,False
811,sw3798B.break.597,226.93075,4,None,None,ms42B_pw583,226.657375,226.93075,know,True
812,sw3798B.break.598,227.86700000000002,X,None,X,ms42B_pw584,227.589875,227.86700000000002,um,False
813,sw3798B.break.599,228.167,2p,None,None,ms42B_pw585,227.86700000000002,228.167,course,False
814,sw3798B.break.600,228.347,2-,None,None,ms42B_pw586,228.167,228.347,there's,False
815,sw3798B.break.601,228.55700000000002,1,None,None,ms42B_pw587,228.347,228.55700000000002,so,False
816,sw3798B.break.602,228.757,1,None,None,ms42B_pw588,228.55700000000002,228.757,many,False
817,sw3798B.break.603,229.007,3-,H,None,ms42B_pw589,228.757,229.007,things,True
818,sw3798B.break.604,229.067,1,None,None,ms42B_pw590,229.007,229.067,in,False
819,sw3798B.break.605,229.127,1,None,None,ms42B_pw591,229.067,229.127,the,False
820,sw3798B.break.606,229.407,3-,L,None,ms42B_pw592,229.127,229.407,world,True
821,sw3798B.break.607,229.63375,4,None,None,ms42B_pw593,229.407,229.63375,where,True
822,sw3798B.break.608,230.645375,1,None,None,ms43B_pw594,230.467625,230.645375,if,False
823,sw3798B.break.609,230.805375,2,None,None,ms43B_pw595,230.645375,230.805375,you,False
824,sw3798B.break.610,231.145375,1,None,None,ms43B_pw596,230.805375,231.145375,solve,False
825,sw3798B.break.611,231.325375,1,None,None,ms43B_pw597,231.145375,231.325375,one,False
826,sw3798B.break.612,231.695375,4,L,H,ms43B_pw598,231.325375,231.695375,problem,True
827,sw3798B.break.613,231.805375,1,None,None,ms43B_pw599,231.695375,231.805375,you,False
828,sw3798B.break.614,231.955375,1,None,None,ms43B_pw600,231.805375,231.955375,may,False
829,sw3798B.break.615,232.085375,1,None,None,ms43B_pw601,231.955375,232.085375,be,False
830,sw3798B.break.616,232.505375,1,None,None,ms43B_pw602,232.085375,232.505375,creating,False
831,sw3798B.break.617,232.905375,4,L,H,ms43B_pw603,232.505375,232.905375,another,True
832,sw3798B.break.619,233.205375,1-,None,None,ms43B_pw604,233.095375,233.205375,you,False
833,sw3798B.break.620,233.438375,4,None,None,ms43B_pw605,233.205375,233.438375,know,True
834,sw3798A.break.258,233.797625,X,None,None,ms73A_pw231,233.260125,233.797625,[laughter-yeah],False
835,sw3798B.break.621,234.387375,1p,None,None,ms44B_pw606,234.227375,234.387375,and,False
836,sw3798B.break.622,234.517375,X,None,X,ms44B_pw607,234.387375,234.517375,uh,False
837,sw3798B.break.623,234.697375,0,None,None,ms44B_pw608,234.517375,234.697375,so,False
838,sw3798B.break.624,234.78825,1,None,None,ms44B_pw609,234.697375,234.78825,i,False
839,sw3798B.break.625,234.967375,1,None,None,ms44B_pw610,234.78825,234.967375,guess,False
840,sw3798B.break.626,235.027375,1,None,None,ms44B_pw611,234.967375,235.027375,you,False
841,sw3798B.break.627,235.167375,1,None,None,ms44B_pw612,235.027375,235.167375,just,False
842,sw3798B.break.628,235.287375,1,None,None,ms44B_pw613,235.167375,235.287375,have,False
843,sw3798B.break.629,235.367375,0,None,None,ms44B_pw614,235.287375,235.367375,to,False
844,sw3798B.break.630,235.597375,1,None,None,ms44B_pw615,235.367375,235.597375,take,False
845,sw3798B.break.631,235.657375,1,None,None,ms44B_pw616,235.597375,235.657375,the,False
846,sw3798B.break.632,235.827375,1,None,None,ms44B_pw617,235.657375,235.827375,two,False
847,sw3798B.break.633,236.237375,4-,L,L,ms44B_pw618,235.827375,236.237375,problems,True
848,sw3798B.break.634,236.387375,1,None,None,ms44B_pw619,236.237375,236.387375,and,False
849,sw3798B.break.635,236.527375,1,None,None,ms44B_pw620,236.387375,236.527375,see,False
850,sw3798B.break.636,236.717375,1,None,None,ms44B_pw621,236.527375,236.717375,which,False
851,sw3798B.break.637,236.838125,1,None,None,ms44B_pw622,236.717375,236.838125,is,False
852,sw3798B.break.638,237.387375,4,L,L,ms44B_pw623,236.838125,237.387375,worse,True
853,sw3798B.break.639,237.597375,1,None,None,ms44B_pw624,237.387375,237.597375,and,False
854,sw3798B.break.640,237.777375,1,None,None,ms44B_pw625,237.597375,237.777375,which,False
855,sw3798A.break.259,237.81525,4,None,None,ms75A_pw232,237.337375,237.81525,yeah,True
856,sw3798B.break.641,237.907375,1,None,None,ms44B_pw626,237.777375,237.907375,is,False
857,sw3798B.break.642,237.977375,1,None,None,ms44B_pw627,237.907375,237.977375,the,False
858,sw3798B.break.643,238.217375,1,None,None,ms44B_pw628,237.977375,238.217375,most,False
859,sw3798B.break.644,238.557375,1,None,None,ms44B_pw629,238.217375,238.557375,important,False
860,sw3798B.break.645,238.647375,1,None,None,ms44B_pw630,238.557375,238.647375,to,False
861,sw3798B.break.646,238.887375,1,None,None,ms44B_pw631,238.647375,238.887375,solve,False
862,sw3798B.break.647,239.037375,1,None,None,ms44B_pw632,238.887375,239.037375,at,False
863,sw3798B.break.648,239.097375,1,None,None,ms44B_pw633,239.037375,239.097375,the,False
864,sw3798B.break.649,239.627375,4,L,H,ms44B_pw634,239.097375,239.627375,time,True
865,sw3798B.break.650,239.827375,1p,None,None,ms44B_pw635,239.627375,239.827375,and,False
866,sw3798B.break.651,240.3765,1,None,None,ms44B_pw636,240.267375,240.3765,i,False
867,sw3798B.break.652,240.517375,1,None,None,ms44B_pw637,240.3765,240.517375,don't,False
868,sw3798A.break.260,240.6935,X,None,None,ms77A_pw233,240.206,240.6935,uh-huh,False
869,sw3798B.break.653,240.81799999999998,4,None,None,ms44B_pw638,240.517375,240.81799999999998,know,True
870,sw3798B.break.654,241.737375,2p,None,None,ms44B_pw639,241.477375,241.737375,but,False
871,sw3798A.break.261,241.848125,4,None,None,ms77A_pw234,241.315,241.848125,yeah,True
872,sw3798B.break.655,241.982875,X,None,None,ms44B_pw640,241.737375,241.982875,um,False
873,sw3798B.break.656,242.718625,0,None,None,ms45B_pw641,242.588625,242.718625,but,False
874,sw3798B.break.657,242.878625,1,None,None,ms45B_pw642,242.718625,242.878625,i've,False
875,sw3798B.break.658,243.218625,1,None,None,ms45B_pw643,242.878625,243.218625,never,False
876,sw3798B.break.659,243.498625,1,None,None,ms45B_pw644,243.218625,243.498625,looked,False
877,sw3798B.break.660,243.748625,3-,L,None,ms45B_pw645,243.498625,243.748625,into,True
878,sw3798B.break.661,243.868625,1,None,None,ms45B_pw646,243.748625,243.868625,how,False
879,sw3798B.break.662,244.078625,1,None,None,ms45B_pw647,243.868625,244.078625,much,False
880,sw3798B.break.663,244.318625,1,None,None,ms45B_pw648,244.078625,244.318625,money,False
881,sw3798B.break.664,244.458625,1,None,None,ms45B_pw649,244.318625,244.458625,they're,False
882,sw3798B.break.665,244.918625,4,L,L,ms45B_pw650,244.458625,244.918625,spending,True
883,sw3798B.break.666,244.998625,1,None,None,ms45B_pw651,244.918625,244.998625,i,False
884,sw3798B.break.667,245.248625,1p,None,None,ms45B_pw652,244.998625,245.248625,have,False
885,sw3798B.break.668,245.358625,1,None,None,ms45B_pw653,245.248625,245.358625,i,False
886,sw3798B.break.669,245.528625,1,None,None,ms45B_pw654,245.358625,245.528625,have,False
887,sw3798B.break.670,245.718625,1,None,None,ms45B_pw655,245.528625,245.718625,no,False
888,sw3798B.break.671,246.178625,4,None,None,ms45B_pw656,245.718625,246.178625,idea,True
889,sw3798B.break.672,246.92925,1,None,None,ms46B_pw657,246.835875,246.92925,and,False
890,sw3798B.break.673,247.045875,1,None,None,ms46B_pw658,246.92925,247.045875,i,False
891,sw3798A.break.262,247.143875,X,None,None,ms79A_pw235,246.694625,247.143875,um-hum,False
892,sw3798B.break.674,247.175875,1,None,None,ms46B_pw659,247.045875,247.175875,know,False
893,sw3798B.break.675,247.205875,1,None,None,ms46B_pw660,247.175875,247.205875,a,False
894,sw3798B.break.676,247.375875,1,None,None,ms46B_pw661,247.205875,247.375875,lot,False
895,sw3798B.break.677,247.465875,1,None,None,ms46B_pw662,247.375875,247.465875,of,False
896,sw3798B.break.678,247.555875,1,None,None,ms46B_pw663,247.465875,247.555875,our,False
897,sw3798B.break.679,247.885875,1,None,None,ms46B_pw664,247.555875,247.885875,tax,False
898,sw3798B.break.680,248.085875,3-,L,None,ms46B_pw665,247.885875,248.085875,money,True
899,sw3798B.break.681,248.355875,1,None,None,ms46B_pw666,248.085875,248.355875,goes,False
900,sw3798B.break.682,248.475875,1,None,None,ms46B_pw667,248.355875,248.475875,to,False
901,sw3798B.break.683,248.7435,4,None,None,ms46B_pw668,248.475875,248.7435,that,True
902,sw3798A.break.263,249.55825,4,None,None,ms81A_pw236,249.178,249.55825,yeah,True
903,sw3798B.break.684,249.7685,2p,None,None,ms47B_pw669,249.516875,249.7685,but,False
904,sw3798B.break.685,249.9085,X,None,X,ms47B_pw670,249.7685,249.9085,uh,False
905,sw3798B.break.686,250.1185,1,None,None,ms47B_pw671,249.9085,250.1185,i,False
906,sw3798B.break.687,250.3785,1,None,None,ms47B_pw672,250.1185,250.3785,really,False
907,sw3798B.break.688,250.5085,1,None,None,ms47B_pw673,250.3785,250.5085,have,False
908,sw3798B.break.689,250.9185,4,H,L,ms47B_pw674,250.5085,250.9185,never,True
909,sw3798B.break.690,251.1585,1,None,None,ms47B_pw675,250.9185,251.1585,looked,False
910,sw3798B.break.691,251.3885,1,None,None,ms47B_pw676,251.1585,251.3885,into,False
911,sw3798B.break.692,251.4485,4,L,L,ms47B_pw677,251.3885,251.4485,it,True
912,sw3798B.break.693,251.4785,0,None,None,ms47B_pw678,251.4485,251.4785,i,False
913,sw3798B.break.694,251.5885,1,None,None,ms47B_pw679,251.4785,251.5885,have,False
914,sw3798B.break.695,251.7685,1,None,None,ms47B_pw680,251.5885,251.7685,no,False
915,sw3798B.break.696,252.226625,4,None,None,ms47B_pw681,251.7685,252.226625,idea,True
916,sw3798A.break.264,252.261625,1-,None,None,ms83A_pw237,252.023875,252.261625,yeah,False
917,sw3798A.break.265,252.37325,1,None,None,ms83A_pw238,252.261625,252.37325,i,False
918,sw3798A.break.266,252.6225,1,None,None,ms83A_pw239,252.37325,252.6225,haven't,False
919,sw3798B.break.697,252.6885,X,None,None,ms47B_pw682,252.444875,252.6885,um,False
920,sw3798A.break.267,252.843125,4,L,L,ms83A_pw240,252.6225,252.843125,either,True
921,sw3798A.break.268,252.943125,1,None,None,ms83A_pw241,252.843125,252.943125,i've,False
922,sw3798A.break.269,253.457125,4,None,None,ms83A_pw242,252.943125,253.457125,heard,True
923,sw3798A.break.270,253.873125,0,None,None,ms83A_pw243,253.713125,253.873125,you,False
924,sw3798A.break.271,254.15475,4,None,None,ms83A_pw244,253.873125,254.15475,know,True
925,sw3798B.break.698,254.590625,4,None,None,ms49B_pw683,254.190625,254.590625,yeah,True
926,sw3798A.break.272,254.613125,X,None,X,ms83A_pw245,254.286625,254.613125,uh,False
927,sw3798A.break.273,255.0195,3-,L,None,ms83A_pw246,254.613125,255.0195,different,True
928,sw3798A.break.274,255.77275,4,L,L,ms83A_pw247,255.0195,255.77275,voices,True
929,sw3798A.break.275,256.213125,1,None,None,ms83A_pw248,255.77275,256.213125,speaking,False
930,sw3798B.break.699,256.407625,4,None,None,ms50B_pw684,255.996625,256.407625,yeah,True
931,sw3798A.break.276,256.523125,4-,H,L,ms83A_pw249,256.213125,256.523125,up,True
932,sw3798A.break.277,256.673125,1-,None,None,ms83A_pw250,256.523125,256.673125,and,False
933,sw3798A.break.278,257.187875,4-,H,L,ms83A_pw251,256.673125,257.187875,saying,True
934,sw3798A.break.280,257.913125,1,None,None,ms83A_pw252,257.753125,257.913125,we're,False
935,sw3798A.break.281,258.063125,1,None,None,ms83A_pw253,257.913125,258.063125,not,False
936,sw3798A.break.282,258.443125,1,None,None,ms83A_pw254,258.063125,258.443125,spending,False
937,sw3798A.break.283,259.013125,4,L,H,ms83A_pw255,258.443125,259.013125,enough,True
938,sw3798A.break.284,259.322125,2p,None,None,ms83A_pw256,259.013125,259.322125,and,False
939,sw3798B.break.700,259.666625,4,None,None,ms52B_pw685,259.306625,259.666625,right,True
940,sw3798B.break.701,260.26275,4,None,None,ms52B_pw686,259.896625,260.26275,sure,True
941,sw3798A.break.286,260.313125,1,None,None,ms83A_pw257,260.013125,260.313125,mostly,False
942,sw3798A.break.287,260.553125,1,None,None,ms83A_pw258,260.313125,260.553125,that's,False
943,sw3798A.break.288,260.663125,1,None,None,ms83A_pw259,260.553125,260.663125,what,False
944,sw3798A.break.289,260.743125,1,None,None,ms83A_pw260,260.663125,260.743125,i've,False
945,sw3798A.break.290,261.163125,4,L,H,ms83A_pw261,260.743125,261.163125,heard,True
946,sw3798A.break.291,261.443125,2,None,None,ms83A_pw262,261.163125,261.443125,so,False
947,sw3798A.break.292,261.56225,1,None,None,ms83A_pw263,261.443125,261.56225,i,False
948,sw3798A.break.293,261.723125,1,None,None,ms83A_pw264,261.56225,261.723125,don't,False
949,sw3798A.break.294,262.020625,4,H,L,ms83A_pw265,261.723125,262.020625,know,True
950,sw3798B.break.702,262.618125,4,None,None,ms54B_pw687,262.285375,262.618125,yeah,True
951,sw3798A.break.296,263.432375,1,None,None,ms3798A_pw266,263.282375,263.432375,and,False
952,sw3798A.break.297,263.582375,1,None,None,ms3798A_pw267,263.432375,263.582375,yet,False
953,sw3798A.break.298,263.699125,1,None,None,ms3798A_pw268,263.582375,263.699125,i,False
954,sw3798A.break.299,263.856,1,None,None,ms3798A_pw269,263.699125,263.856,know,False
955,sw3798A.break.300,264.162375,2p,None,None,ms3798A_pw270,263.856,264.162375,it's,False
956,sw3798A.break.301,264.54200000000003,X,None,None,ms3798A_pw271,264.162375,264.54200000000003,um,False
957,sw3798A.break.302,265.122375,0,None,None,ms3798A_pw272,265.0015,265.122375,it,False
958,sw3798A.break.303,265.462375,1,None,None,ms3798A_pw273,265.122375,265.462375,sounds,False
959,sw3798A.break.304,265.602375,1,None,None,ms3798A_pw274,265.462375,265.602375,like,False
960,sw3798A.break.305,265.782375,1,None,None,ms3798A_pw275,265.602375,265.782375,big,False
961,sw3798A.break.306,266.072375,1,None,None,ms3798A_pw276,265.782375,266.072375,money,False
962,sw3798A.break.307,266.172375,0,None,None,ms3798A_pw277,266.072375,266.172375,to,False
963,sw3798A.break.308,266.38025,4,L,L,ms3798A_pw278,266.172375,266.38025,me,True
964,sw3798B.break.704,267.549625,4,L,L,ms3798B_pw688,267.319625,267.549625,yeah,True
965,sw3798B.break.705,267.658625,1-,None,None,ms3798B_pw689,267.549625,267.658625,i,False
966,sw3798B.break.706,267.859625,1,None,None,ms3798B_pw690,267.658625,267.859625,think,False
967,sw3798A.break.310,267.862375,4-,L,L,ms3798A_pw279,267.438625,267.862375,but,True
968,sw3798B.break.707,267.949625,1,None,None,ms3798B_pw691,267.859625,267.949625,it,False
969,sw3798A.break.311,268.232375,1p,None,None,ms3798A_pw280,267.862375,268.232375,it,False
970,sw3798B.break.708,268.329625,4,H,L,ms3798B_pw692,267.949625,268.329625,is,True
971,sw3798B.break.709,268.469625,1,None,None,ms3798B_pw693,268.329625,268.469625,i,False
972,sw3798B.break.710,268.669625,1,None,None,ms3798B_pw694,268.469625,268.669625,think,False
973,sw3798A.break.312,268.672375,1,None,None,ms3798A_pw281,268.232375,268.672375,probably,False
974,sw3798B.break.711,268.759625,1,None,None,ms3798B_pw695,268.669625,268.759625,it,False
975,sw3798A.break.313,269.002375,1,None,None,ms3798A_pw282,268.672375,269.002375,takes,False
976,sw3798B.break.712,269.04400000000004,4,None,None,ms3798B_pw696,268.759625,269.04400000000004,is,True
977,sw3798A.break.314,269.072375,0,None,None,ms3798A_pw283,269.002375,269.072375,a,False
978,sw3798A.break.315,269.31725,4,None,None,ms3798A_pw284,269.072375,269.31725,lot,True
979,sw3798B.break.713,270.0565,4,H,L,ms3798B_pw697,269.796875,270.0565,yeah,True
980,sw3798B.break.714,270.2065,1,None,None,ms3798B_pw698,270.0565,270.2065,it,False
981,sw3798B.break.715,270.5365,4,H,L,ms3798B_pw699,270.2065,270.5365,does,True
982,sw3798B.break.716,270.8865,1p,None,None,ms3798B_pw700,270.5365,270.8865,every,False
983,sw3798B.break.717,271.0465,1,None,None,ms3798B_pw701,270.8865,271.0465,it,False
984,sw3798A.break.316,271.076875,X,None,None,ms3798A_pw285,270.68325,271.076875,so,False
985,sw3798B.break.718,271.4165,1,None,None,ms3798B_pw702,271.0465,271.4165,seems,False
986,sw3798B.break.719,271.4765,1,None,None,ms3798B_pw703,271.4165,271.4765,to,False
987,sw3798B.break.720,271.7065,3,L,None,ms3798B_pw704,271.4765,271.7065,take,True
988,sw3798B.break.721,272.0665,3,L,None,ms3798B_pw705,271.7065,272.0665,more,True
989,sw3798B.break.722,272.2865,2p,None,None,ms3798B_pw706,272.0665,272.2865,than,False
990,sw3798B.break.723,272.463125,X,None,None,ms3798B_pw707,272.2865,272.463125,uh,False
991,sw3798B.break.724,273.2965,1,None,None,ms3798B_pw708,273.16375,273.2965,for,False
992,sw3798B.break.725,273.4965,1,None,None,ms3798B_pw709,273.2965,273.4965,any,False
993,sw3798B.break.726,273.6465,1,None,None,ms3798B_pw710,273.4965,273.6465,little,False
994,sw3798B.break.727,273.8165,1,None,None,ms3798B_pw711,273.6465,273.8165,thing,False
995,sw3798B.break.728,273.9365,1,None,None,ms3798B_pw712,273.8165,273.9365,they,False
996,sw3798B.break.729,274.379375,4,L,H,ms3798B_pw713,273.9365,274.379375,do,True
997,sw3798B.break.730,274.5365,0,None,None,ms3798B_pw714,274.379375,274.5365,it,False
998,sw3798B.break.731,274.7265,1,None,None,ms3798B_pw715,274.5365,274.7265,seems,False
999,sw3798B.break.732,274.7965,1-,None,None,ms3798B_pw716,274.7265,274.7965,to,False
1000,sw3798B.break.733,274.9765,1,None,None,ms3798B_pw717,274.7965,274.9765,take,False
1001,sw3798B.break.734,275.0165,0,None,None,ms3798B_pw718,274.9765,275.0165,a,False
1002,sw3798B.break.735,275.1565,1,None,None,ms3798B_pw719,275.0165,275.1565,lot,False
1003,sw3798B.break.736,275.2865,1,None,None,ms3798B_pw720,275.1565,275.2865,more,False
1004,sw3798B.break.737,275.4565,1,None,None,ms3798B_pw721,275.2865,275.4565,money,False
1005,sw3798B.break.738,275.5765,1,None,None,ms3798B_pw722,275.4565,275.5765,that,False
1006,sw3798B.break.739,275.6665,1,None,None,ms3798B_pw723,275.5765,275.6665,you,False
1007,sw3798B.break.740,275.8065,1,None,None,ms3798B_pw724,275.6665,275.8065,would,False
1008,sw3798B.break.741,275.9965,1,None,None,ms3798B_pw725,275.8065,275.9965,think,False
1009,sw3798B.break.742,276.0965,1,None,None,ms3798B_pw726,275.9965,276.0965,it,False
1010,sw3798B.break.743,276.4265,4,None,None,ms3798B_pw727,276.0965,276.4265,would,True
1011,sw3798A.break.317,277.148875,X,None,None,ms3798A_pw286,276.690625,277.148875,um-hum,False
1012,sw3798B.break.744,277.1565,1-,None,None,ms3798B_pw728,277.0265,277.1565,you,False
1013,sw3798B.break.745,277.37075,4,None,None,ms3798B_pw729,277.1565,277.37075,know,True
1014,sw3798B.break.746,278.0265,2p,None,None,ms3798B_pw730,277.76625,278.0265,but,False
1015,sw3798A.break.318,278.23325,X,None,X,ms3798A_pw287,277.8155,278.23325,yeah,False
1016,sw3798B.break.747,278.2365,X,None,None,ms3798B_pw731,278.0265,278.2365,uh,False
1017,sw3798A.break.320,279.050625,0,None,None,ms3798A_pw288,278.9375,279.050625,did,False
1018,sw3798A.break.321,279.150625,1,None,None,ms3798A_pw289,279.050625,279.150625,you,False
1019,sw3798A.break.322,279.270625,1,None,None,ms3798A_pw290,279.150625,279.270625,have,False
1020,sw3798A.break.323,279.420625,1,None,None,ms3798A_pw291,279.270625,279.420625,any,False
1021,sw3798A.break.324,279.800625,4,H,H,ms3798A_pw292,279.420625,279.800625,fear,True
1022,sw3798A.break.325,280.070625,1,None,None,ms3798A_pw293,279.800625,280.070625,working,False
1023,sw3798A.break.326,280.210625,1,None,None,ms3798A_pw294,280.070625,280.210625,in,False
1024,sw3798A.break.327,280.270625,1,None,None,ms3798A_pw295,280.210625,280.270625,the,False
1025,sw3798A.break.328,280.780625,4,H,L,ms3798A_pw296,280.270625,280.780625,hospital,True
1026,sw3798A.break.329,280.900625,0,None,None,ms3798A_pw297,280.780625,280.900625,with,False
1027,sw3798A.break.330,281.130625,4-,L,L,ms3798A_pw298,280.900625,281.130625,that,True
1028,sw3798B.break.748,281.180625,X,None,X,ms3798B_pw732,281.031,281.180625,uh,False
1029,sw3798B.break.749,281.400625,1,None,None,ms3798B_pw733,281.180625,281.400625,that's,False
1030,sw3798B.break.750,281.550625,1,None,None,ms3798B_pw734,281.400625,281.550625,one,False
1031,sw3798B.break.751,281.700625,3,H,None,ms3798B_pw735,281.550625,281.700625,thing,True
1032,sw3798B.break.752,281.830625,1,None,None,ms3798B_pw736,281.700625,281.830625,i've,False
1033,sw3798B.break.753,282.090625,1,None,None,ms3798B_pw737,281.830625,282.090625,never,False
1034,sw3798B.break.754,282.310625,1,None,None,ms3798B_pw738,282.090625,282.310625,really,False
1035,sw3798B.break.755,282.786875,4,None,None,ms3798B_pw739,282.310625,282.786875,feared,True
1036,sw3798B.break.756,283.4725,X,None,X,ms3798B_pw740,283.170625,283.4725,um,False
1037,sw3798A.break.332,283.516625,X,None,None,ms3798A_pw299,283.029,283.516625,uh-huh,False
1038,sw3798B.break.758,284.210625,X,None,X,ms3798B_pw741,283.990625,284.210625,uh,False
1039,sw3798B.break.759,284.574,1p,None,None,ms3798B_pw742,284.210625,284.574,i,False
1040,sw3798B.break.760,284.574,1p,None,None,ms3798B_pw742,284.210625,284.574,i,False
1041,sw3798B.break.761,284.970625,0,None,None,ms3798B_pw745,284.870625,284.970625,of,False
1042,sw3798B.break.762,285.110625,1,None,None,ms3798B_pw746,284.970625,285.110625,the,False
1043,sw3798B.break.764,285.590625,1,None,None,ms3798B_pw747,285.42325,285.590625,my,False
1044,sw3798B.break.765,286.265625,4,None,None,ms3798B_pw748,285.590625,286.265625,family,True
1045,sw3798B.break.766,286.916,0,None,None,ms3798B_pw749,286.806,286.916,you,False
1046,sw3798B.break.767,287.14599999999996,4,L,L,ms3798B_pw750,286.916,287.14599999999996,know,True
1047,sw3798B.break.768,287.32599999999996,1,None,None,ms3798B_pw751,287.14599999999996,287.32599999999996,they,False
1048,sw3798B.break.769,287.802625,4-,None,None,ms3798B_pw752,287.32599999999996,287.802625,fear,True
1049,sw3798B.break.770,288.096,1,None,None,ms3798B_pw753,287.926,288.096,me,False
1050,sw3798B.break.771,288.546,1,None,None,ms3798B_pw754,288.096,288.546,working,False
1051,sw3798B.break.772,288.776,1,None,None,ms3798B_pw755,288.546,288.776,like,False
1052,sw3798B.break.773,289.036,4,L,H,ms3798B_pw756,288.776,289.036,that,True
1053,sw3798B.break.774,289.216,1,None,None,ms3798B_pw757,289.036,289.216,and,False
1054,sw3798B.break.775,289.376,1,None,None,ms3798B_pw758,289.216,289.376,under,False
1055,sw3798B.break.776,289.856,1p,None,None,ms3798B_pw760,289.70599999999996,289.856,some,False
1056,sw3798B.break.777,289.856,0,None,None,ms3798B_pw760,289.70599999999996,289.856,some,False
1057,sw3798B.break.778,289.916,0,None,None,ms3798B_pw761,289.856,289.916,of,False
1058,sw3798B.break.779,290.156,2p,None,None,ms3798B_pw762,289.916,290.156,those,False
1059,sw3798B.break.780,290.776,4,L,L,ms3798B_pw763,290.156,290.776,conditions,True
1060,sw3798B.break.781,291.01599999999996,2p,None,None,ms3798B_pw764,290.776,291.01599999999996,but,False
1061,sw3798B.break.782,291.22325,X,None,None,ms3798B_pw765,291.01599999999996,291.22325,um,False
1062,sw3798A.break.334,291.686125,X,None,None,ms3798A_pw300,291.342,291.686125,um-hum,False
1063,sw3798B.break.783,292.336,X,None,X,ms3798B_pw766,292.1385,292.336,uh,False
1064,sw3798B.break.784,292.49375,0,None,None,ms3798B_pw767,292.336,292.49375,i,False
1065,sw3798B.break.785,292.6745,1,None,None,ms3798B_pw768,292.49375,292.6745,don't,False
1066,sw3798B.break.786,292.95599999999996,1,None,None,ms3798B_pw770,292.89599999999996,292.95599999999996,it,False
1067,sw3798B.break.787,293.046,1,None,None,ms3798B_pw771,292.95599999999996,293.046,at,False
1068,sw3798B.break.788,293.372375,0,None,None,ms3798B_pw772,293.046,293.372375,all,False
1069,sw3798B.break.789,293.372375,4,None,None,ms3798B_pw772,293.046,293.372375,all,True
1070,sw3798B.break.790,293.94599999999997,X,None,X,ms3798B_pw773,293.626,293.94599999999997,um,False
1071,sw3798B.break.791,294.014875,1,None,None,ms3798B_pw774,293.94599999999997,294.014875,i,False
1072,sw3798A.break.335,294.021375,X,None,None,ms3798A_pw301,293.669625,294.021375,uh-huh,False
1073,sw3798B.break.792,294.304875,1,None,None,ms3798B_pw775,294.014875,294.304875,work,False
1074,sw3798B.break.793,294.4405,1p,None,None,ms3798B_pw776,294.304875,294.4405,in,False
1075,sw3798B.break.794,294.70599999999996,1,None,None,ms3798B_pw777,294.5685,294.70599999999996,in,False
1076,sw3798B.break.795,294.836,1,None,None,ms3798B_pw778,294.70599999999996,294.836,the,False
1077,sw3798B.break.796,295.306,1,None,None,ms3798B_pw779,294.836,295.306,operating,False
1078,sw3798B.break.797,295.51599999999996,4-,H,L,ms3798B_pw780,295.306,295.51599999999996,room,True
1079,sw3798B.break.798,295.556,1-,None,None,ms3798B_pw781,295.51599999999996,295.556,a,False
1080,sw3798B.break.799,295.866,4,L,H,ms3798B_pw782,295.556,295.866,lot,True
1081,sw3798A.break.337,296.681125,X,None,None,ms3798A_pw302,296.312,296.681125,um-hum,False
1082,sw3798B.break.801,297.01599999999996,2p,None,None,ms3798B_pw783,296.686,297.01599999999996,and,False
1083,sw3798B.break.802,297.29925,X,None,None,ms3798B_pw784,297.01599999999996,297.29925,um,False
1084,sw3798B.break.803,298.226,1,None,None,ms3798B_pw785,298.114625,298.226,and,False
1085,sw3798B.break.804,298.296,1,None,None,ms3798B_pw786,298.226,298.296,of,False
1086,sw3798B.break.805,298.566,4,H,L,ms3798B_pw787,298.296,298.566,course,True
1087,sw3798B.break.806,298.656,1,None,None,ms3798B_pw788,298.566,298.656,when,False
1088,sw3798B.break.807,298.656,1,None,None,ms3798B_pw788,298.566,298.656,when,False
